family,provider,symbol,branch_path,fold,trade_count,win_rate,avg_net_return,profit_factor,start_time,end_time
fvg_ob_pullback_resume_v1,binance,BTCUSDT,insufficient_context->unknown_volatility->unknown_momentum->fvg_ob_pullback_resume,1,2,1.0,0.017038615381838262,inf,2017-08-19 20:00:00+00:00,2017-08-20 04:00:00+00:00
fvg_ob_pullback_resume_v1,binance,BTCUSDT,insufficient_context->unknown_volatility->unknown_momentum->fvg_ob_pullback_resume,2,2,0.5,-0.008761784695455022,0.09266608892979974,2017-08-20 21:00:00+00:00,2017-08-21 08:00:00+00:00
fvg_ob_pullback_resume_v1,binance,BTCUSDT,insufficient_context->unknown_volatility->unknown_momentum->fvg_ob_pullback_resume,3,1,1.0,0.06264434681601116,inf,2017-08-21 13:00:00+00:00,2017-08-21 13:00:00+00:00
fvg_ob_pullback_resume_v1,binance,BTCUSDT,range_or_de_risk->high_volatility->down_or_flat_momentum->fvg_ob_pullback_resume,1,31,0.45161290322580644,0.0005240298541616103,1.0603266140579772,2017-08-22 09:00:00+00:00,2020-08-02 04:00:00+00:00
fvg_ob_pullback_resume_v1,binance,BTCUSDT,range_or_de_risk->high_volatility->down_or_flat_momentum->fvg_ob_pullback_resume,2,31,0.6129032258064516,0.00369759773237613,1.4305713239127724,2020-11-19 03:00:00+00:00,2023-02-20 03:00:00+00:00
fvg_ob_pullback_resume_v1,binance,BTCUSDT,range_or_de_risk->high_volatility->down_or_flat_momentum->fvg_ob_pullback_resume,3,31,0.5161290322580645,0.0026185879182355778,1.6726249635813426,2023-02-28 01:00:00+00:00,2025-01-20 17:00:00+00:00
fvg_ob_pullback_resume_v1,binance,BTCUSDT,range_or_de_risk->high_volatility->down_or_flat_momentum->fvg_ob_pullback_resume,4,29,0.5172413793103449,0.0019332872596815067,1.4051087871160863,2025-02-19 00:00:00+00:00,2026-05-11 03:00:00+00:00
fvg_ob_pullback_resume_v1,binance,BTCUSDT,range_or_de_risk->high_volatility->up_momentum->fvg_ob_pullback_resume,1,31,0.41935483870967744,-0.007283443230777582,0.46939321318394095,2017-09-28 14:00:00+00:00,2021-01-05 09:00:00+00:00
fvg_ob_pullback_resume_v1,binance,BTCUSDT,range_or_de_risk->high_volatility->up_momentum->fvg_ob_pullback_resume,2,31,0.5483870967741935,-0.00038490654272715176,0.9616381231074795,2021-01-08 21:00:00+00:00,2023-08-01 20:00:00+00:00
fvg_ob_pullback_resume_v1,binance,BTCUSDT,range_or_de_risk->high_volatility->up_momentum->fvg_ob_pullback_resume,3,31,0.45161290322580644,-0.003231883453859321,0.5468259257002049,2023-10-13 22:00:00+00:00,2025-01-20 12:00:00+00:00
fvg_ob_pullback_resume_v1,binance,BTCUSDT,range_or_de_risk->high_volatility->up_momentum->fvg_ob_pullback_resume,4,31,0.5161290322580645,0.0001359390252127095,1.0405672849099379,2025-01-20 15:00:00+00:00,2026-05-11 11:00:00+00:00
fvg_ob_pullback_resume_v1,binance,BTCUSDT,range_or_de_risk->normal_volatility->down_or_flat_momentum->fvg_ob_pullback_resume,1,110,0.509090909090909,0.004514481562995707,1.557937607414261,2017-09-11 21:00:00+00:00,2020-03-03 13:00:00+00:00
fvg_ob_pullback_resume_v1,binance,BTCUSDT,range_or_de_risk->normal_volatility->down_or_flat_momentum->fvg_ob_pullback_resume,2,110,0.4636363636363636,-0.0014820774824936527,0.8660605483668589,2020-03-03 15:00:00+00:00,2022-03-06 13:00:00+00:00
fvg_ob_pullback_resume_v1,binance,BTCUSDT,range_or_de_risk->normal_volatility->down_or_flat_momentum->fvg_ob_pullback_resume,3,110,0.5545454545454546,0.0010989288559393581,1.1725014703825718,2022-03-06 16:00:00+00:00,2024-03-29 13:00:00+00:00
fvg_ob_pullback_resume_v1,binance,BTCUSDT,range_or_de_risk->normal_volatility->down_or_flat_momentum->fvg_ob_pullback_resume,4,107,0.3925233644859813,-0.0047656957159152155,0.48838500771775556,2024-04-19 03:00:00+00:00,2026-05-08 14:00:00+00:00
fvg_ob_pullback_resume_v1,binance,BTCUSDT,range_or_de_risk->normal_volatility->up_momentum->fvg_ob_pullback_resume,1,111,0.4774774774774775,0.0013729166202824702,1.1337294333892138,2017-09-08 00:00:00+00:00,2020-01-02 00:00:00+00:00
fvg_ob_pullback_resume_v1,binance,BTCUSDT,range_or_de_risk->normal_volatility->up_momentum->fvg_ob_pullback_resume,2,111,0.4594594594594595,-0.0016408220296808738,0.8182085906988174,2020-01-13 04:00:00+00:00,2022-04-15 14:00:00+00:00
fvg_ob_pullback_resume_v1,binance,BTCUSDT,range_or_de_risk->normal_volatility->up_momentum->fvg_ob_pullback_resume,3,111,0.43243243243243246,-0.0009433575112427999,0.8178699236207235,2022-05-02 18:00:00+00:00,2024-07-11 18:00:00+00:00
fvg_ob_pullback_resume_v1,binance,BTCUSDT,range_or_de_risk->normal_volatility->up_momentum->fvg_ob_pullback_resume,4,109,0.5045871559633027,-0.0022183072315639166,0.7084076346061341,2024-07-21 08:00:00+00:00,2026-05-03 09:00:00+00:00
fvg_ob_pullback_resume_v1,binance,BTCUSDT,trend_expansion->high_volatility->down_or_flat_momentum->fvg_ob_pullback_resume,1,68,0.4411764705882353,-0.008368589055151034,0.6257671189580989,2017-09-02 16:00:00+00:00,2019-11-25 09:00:00+00:00
fvg_ob_pullback_resume_v1,binance,BTCUSDT,trend_expansion->high_volatility->down_or_flat_momentum->fvg_ob_pullback_resume,2,68,0.4117647058823529,-0.0058558796825333125,0.5697451676203513,2019-12-05 17:00:00+00:00,2022-05-27 22:00:00+00:00
fvg_ob_pullback_resume_v1,binance,BTCUSDT,trend_expansion->high_volatility->down_or_flat_momentum->fvg_ob_pullback_resume,3,68,0.35294117647058826,-0.0003687517984680826,0.9535199970385199,2022-06-15 12:00:00+00:00,2024-12-02 18:00:00+00:00
fvg_ob_pullback_resume_v1,binance,BTCUSDT,trend_expansion->high_volatility->down_or_flat_momentum->fvg_ob_pullback_resume,4,68,0.47058823529411764,-0.00025634850741754173,0.9665902630079969,2024-12-03 02:00:00+00:00,2026-04-30 07:00:00+00:00
fvg_ob_pullback_resume_v1,binance,BTCUSDT,trend_expansion->high_volatility->up_momentum->fvg_ob_pullback_resume,1,70,0.5714285714285714,0.00278343143704592,1.1997325547224895,2017-09-30 09:00:00+00:00,2020-01-27 23:00:00+00:00
fvg_ob_pullback_resume_v1,binance,BTCUSDT,trend_expansion->high_volatility->up_momentum->fvg_ob_pullback_resume,2,70,0.5285714285714286,0.0047148198793617035,1.8707570578964627,2020-01-28 04:00:00+00:00,2023-01-21 00:00:00+00:00
fvg_ob_pullback_resume_v1,binance,BTCUSDT,trend_expansion->high_volatility->up_momentum->fvg_ob_pullback_resume,3,70,0.4857142857142857,-0.000577316461749531,0.9158991512046667,2023-02-07 22:00:00+00:00,2024-11-05 20:00:00+00:00
fvg_ob_pullback_resume_v1,binance,BTCUSDT,trend_expansion->high_volatility->up_momentum->fvg_ob_pullback_resume,4,68,0.4411764705882353,-0.0031321526530930016,0.6400356040448479,2024-11-05 23:00:00+00:00,2026-05-04 15:00:00+00:00
fvg_ob_pullback_resume_v1,binance,BTCUSDT,trend_expansion->normal_volatility->down_or_flat_momentum->fvg_ob_pullback_resume,1,136,0.47794117647058826,0.0021018835875915177,1.188279022716652,2017-08-28 06:00:00+00:00,2019-11-14 16:00:00+00:00
fvg_ob_pullback_resume_v1,binance,BTCUSDT,trend_expansion->normal_volatility->down_or_flat_momentum->fvg_ob_pullback_resume,2,136,0.41911764705882354,-0.005590011314698202,0.5291134828352986,2019-11-14 22:00:00+00:00,2022-02-27 00:00:00+00:00
fvg_ob_pullback_resume_v1,binance,BTCUSDT,trend_expansion->normal_volatility->down_or_flat_momentum->fvg_ob_pullback_resume,3,136,0.3235294117647059,-0.0037557884184627396,0.5435479717101995,2022-02-27 03:00:00+00:00,2024-05-27 08:00:00+00:00
fvg_ob_pullback_resume_v1,binance,BTCUSDT,trend_expansion->normal_volatility->down_or_flat_momentum->fvg_ob_pullback_resume,4,133,0.43609022556390975,0.00043021555825745764,1.0629119089771883,2024-05-29 09:00:00+00:00,2026-04-30 09:00:00+00:00
fvg_ob_pullback_resume_v1,binance,BTCUSDT,trend_expansion->normal_volatility->up_momentum->fvg_ob_pullback_resume,1,173,0.49710982658959535,-0.0016838940678130649,0.8592714040411532,2017-08-23 11:00:00+00:00,2019-12-29 15:00:00+00:00
fvg_ob_pullback_resume_v1,binance,BTCUSDT,trend_expansion->normal_volatility->up_momentum->fvg_ob_pullback_resume,2,173,0.4797687861271676,0.0005554773379054196,1.063016038611608,2020-01-05 08:00:00+00:00,2021-12-07 17:00:00+00:00
fvg_ob_pullback_resume_v1,binance,BTCUSDT,trend_expansion->normal_volatility->up_momentum->fvg_ob_pullback_resume,3,173,0.5086705202312138,0.0013003302082302214,1.1986771315238258,2021-12-19 05:00:00+00:00,2024-07-27 15:00:00+00:00
fvg_ob_pullback_resume_v1,binance,BTCUSDT,trend_expansion->normal_volatility->up_momentum->fvg_ob_pullback_resume,4,171,0.4444444444444444,-0.0009107850688096398,0.8334078727024331,2024-08-06 10:00:00+00:00,2026-05-09 03:00:00+00:00
fvg_ob_pullback_resume_v1,ibkr,SPY,insufficient_context->unknown_volatility->unknown_momentum->fvg_ob_pullback_resume,1,3,0.0,-0.011174174519334253,0.0,2021-05-18T09:00:00+00:00,2021-05-19T12:00:00+00:00
fvg_ob_pullback_resume_v1,ibkr,SPY,insufficient_context->unknown_volatility->unknown_momentum->fvg_ob_pullback_resume,2,3,0.3333333333333333,-0.003752308406149329,0.4794186276604968,2021-05-19T12:00:00+00:00,2021-05-20T12:00:00+00:00
fvg_ob_pullback_resume_v1,ibkr,SPY,insufficient_context->unknown_volatility->unknown_momentum->fvg_ob_pullback_resume,3,3,1.0,0.0012315018315020472,inf,2021-05-20T21:00:00+00:00,2021-05-20T21:00:00+00:00
fvg_ob_pullback_resume_v1,ibkr,SPY,range_or_de_risk->high_volatility->down_or_flat_momentum->fvg_ob_pullback_resume,1,14,0.35714285714285715,-0.0025779625400946748,0.462139720670538,2021-07-06T23:00:00+00:00,2022-01-25T20:00:00+00:00
fvg_ob_pullback_resume_v1,ibkr,SPY,range_or_de_risk->high_volatility->down_or_flat_momentum->fvg_ob_pullback_resume,2,14,0.14285714285714285,-0.0086173893742737,0.0642111283591594,2022-02-15T09:00:00+00:00,2023-04-13T11:00:00+00:00
fvg_ob_pullback_resume_v1,ibkr,SPY,range_or_de_risk->high_volatility->down_or_flat_momentum->fvg_ob_pullback_resume,3,14,0.6428571428571429,-0.00046792981954824314,0.8534645438141465,2023-04-13T12:00:00+00:00,2025-01-03T11:00:00+00:00
fvg_ob_pullback_resume_v1,ibkr,SPY,range_or_de_risk->high_volatility->down_or_flat_momentum->fvg_ob_pullback_resume,4,12,0.5,0.00932993846788695,4.421659374023552,2025-01-30T11:00:00+00:00,2026-04-23T23:00:00+00:00
fvg_ob_pullback_resume_v1,ibkr,SPY,range_or_de_risk->high_volatility->up_momentum->fvg_ob_pullback_resume,1,12,0.5833333333333334,-0.0006675689329657687,0.8657063533303295,2021-06-10T14:00:00+00:00,2022-01-27T15:00:00+00:00
fvg_ob_pullback_resume_v1,ibkr,SPY,range_or_de_risk->high_volatility->up_momentum->fvg_ob_pullback_resume,2,12,0.5833333333333334,-0.003150463996400243,0.513001572686009,2022-03-09T11:00:00+00:00,2023-11-10T21:00:00+00:00
fvg_ob_pullback_resume_v1,ibkr,SPY,range_or_de_risk->high_volatility->up_momentum->fvg_ob_pullback_resume,3,12,0.5833333333333334,0.0009286486716986626,1.883637358749106,2023-11-10T21:00:00+00:00,2025-09-18T12:00:00+00:00
fvg_ob_pullback_resume_v1,ibkr,SPY,range_or_de_risk->high_volatility->up_momentum->fvg_ob_pullback_resume,4,10,0.7,0.0016650137147390617,1.6351730682854406,2025-10-01T11:00:00+00:00,2026-04-30T10:00:00+00:00
fvg_ob_pullback_resume_v1,ibkr,SPY,range_or_de_risk->normal_volatility->down_or_flat_momentum->fvg_ob_pullback_resume,1,33,0.5151515151515151,-0.002574353230177755,0.5137935067486691,2021-05-26T09:00:00+00:00,2022-11-28T11:00:00+00:00
fvg_ob_pullback_resume_v1,ibkr,SPY,range_or_de_risk->normal_volatility->down_or_flat_momentum->fvg_ob_pullback_resume,2,33,0.3939393939393939,-0.0014992641932017362,0.5531865689295921,2022-12-20T15:00:00+00:00,2024-03-26T21:00:00+00:00
fvg_ob_pullback_resume_v1,ibkr,SPY,range_or_de_risk->normal_volatility->down_or_flat_momentum->fvg_ob_pullback_resume,3,33,0.36363636363636365,-0.003596361937841437,0.31169578260228026,2024-03-27T16:00:00+00:00,2025-03-18T18:00:00+00:00
fvg_ob_pullback_resume_v1,ibkr,SPY,range_or_de_risk->normal_volatility->down_or_flat_momentum->fvg_ob_pullback_resume,4,32,0.5,0.0009218139810106656,1.378020344528211,2025-04-16T08:00:00+00:00,2026-05-04T17:00:00+00:00
fvg_ob_pullback_resume_v1,ibkr,SPY,range_or_de_risk->normal_volatility->up_momentum->fvg_ob_pullback_resume,1,40,0.55,0.0011277503447933081,1.4525162283606263,2021-06-02T13:00:00+00:00,2022-07-22T22:00:00+00:00
fvg_ob_pullback_resume_v1,ibkr,SPY,range_or_de_risk->normal_volatility->up_momentum->fvg_ob_pullback_resume,2,40,0.5,-0.0012755892502433913,0.6252920997164545,2022-09-20T10:00:00+00:00,2023-11-22T13:00:00+00:00
fvg_ob_pullback_resume_v1,ibkr,SPY,range_or_de_risk->normal_volatility->up_momentum->fvg_ob_pullback_resume,3,40,0.5,7.160968950079073e-05,1.041037158574284,2023-11-22T13:00:00+00:00,2024-12-06T17:00:00+00:00
fvg_ob_pullback_resume_v1,ibkr,SPY,range_or_de_risk->normal_volatility->up_momentum->fvg_ob_pullback_resume,4,39,0.4358974358974359,-0.0015860590600899548,0.517476776771496,2024-12-06T18:00:00+00:00,2026-05-08T10:00:00+00:00
fvg_ob_pullback_resume_v1,ibkr,SPY,trend_expansion->high_volatility->down_or_flat_momentum->fvg_ob_pullback_resume,1,31,0.16129032258064516,-0.0063099989853161,0.24342136495738612,2021-07-08T12:00:00+00:00,2022-04-25T11:00:00+00:00
fvg_ob_pullback_resume_v1,ibkr,SPY,trend_expansion->high_volatility->down_or_flat_momentum->fvg_ob_pullback_resume,2,31,0.41935483870967744,-0.001214973717798914,0.7426479937216537,2022-04-25T12:00:00+00:00,2023-10-19T20:00:00+00:00
fvg_ob_pullback_resume_v1,ibkr,SPY,trend_expansion->high_volatility->down_or_flat_momentum->fvg_ob_pullback_resume,3,31,0.4838709677419355,0.0013034923912620456,1.3444570992206053,2023-12-20T21:00:00+00:00,2025-08-01T16:00:00+00:00
fvg_ob_pullback_resume_v1,ibkr,SPY,trend_expansion->high_volatility->down_or_flat_momentum->fvg_ob_pullback_resume,4,30,0.26666666666666666,-0.00580982723082443,0.25379324478418097,2025-09-02T12:00:00+00:00,2026-03-23T09:00:00+00:00
fvg_ob_pullback_resume_v1,ibkr,SPY,trend_expansion->high_volatility->up_momentum->fvg_ob_pullback_resume,1,18,0.4444444444444444,-0.0011367460170205223,0.7297938455952225,2021-07-06T19:00:00+00:00,2023-09-15T08:00:00+00:00
fvg_ob_pullback_resume_v1,ibkr,SPY,trend_expansion->high_volatility->up_momentum->fvg_ob_pullback_resume,2,18,0.6666666666666666,-0.00045619042309742383,0.8494910297841085,2023-12-13T21:00:00+00:00,2024-05-23T11:00:00+00:00
fvg_ob_pullback_resume_v1,ibkr,SPY,trend_expansion->high_volatility->up_momentum->fvg_ob_pullback_resume,3,18,0.2777777777777778,-0.006658035113376658,0.10409586185633075,2024-05-23T12:00:00+00:00,2025-06-24T10:00:00+00:00
fvg_ob_pullback_resume_v1,ibkr,SPY,trend_expansion->high_volatility->up_momentum->fvg_ob_pullback_resume,4,16,0.5,-0.0037081404052265975,0.2401375910087451,2025-08-05T16:00:00+00:00,2026-04-30T21:00:00+00:00
fvg_ob_pullback_resume_v1,ibkr,SPY,trend_expansion->normal_volatility->down_or_flat_momentum->fvg_ob_pullback_resume,1,47,0.5106382978723404,0.00044256291602547295,1.099202528794082,2021-06-02T08:00:00+00:00,2022-08-05T15:00:00+00:00
fvg_ob_pullback_resume_v1,ibkr,SPY,trend_expansion->normal_volatility->down_or_flat_momentum->fvg_ob_pullback_resume,2,47,0.44680851063829785,-0.0024746236524235757,0.569661486449945,2022-08-18T11:00:00+00:00,2023-02-24T13:00:00+00:00
fvg_ob_pullback_resume_v1,ibkr,SPY,trend_expansion->normal_volatility->down_or_flat_momentum->fvg_ob_pullback_resume,3,47,0.3829787234042553,-0.0017098640670072736,0.504692236732185,2023-02-24T13:00:00+00:00,2024-05-29T12:00:00+00:00
fvg_ob_pullback_resume_v1,ibkr,SPY,trend_expansion->normal_volatility->down_or_flat_momentum->fvg_ob_pullback_resume,4,45,0.4,-0.003915622397387438,0.353041487075686,2024-05-29T22:00:00+00:00,2026-03-30T17:00:00+00:00
fvg_ob_pullback_resume_v1,ibkr,SPY,trend_expansion->normal_volatility->up_momentum->fvg_ob_pullback_resume,1,88,0.5227272727272727,0.00030408498244276563,1.1207886026361091,2021-06-01T12:00:00+00:00,2022-07-20T12:00:00+00:00
fvg_ob_pullback_resume_v1,ibkr,SPY,trend_expansion->normal_volatility->up_momentum->fvg_ob_pullback_resume,2,88,0.45454545454545453,-0.0003450771058503545,0.8984708676682854,2022-08-08T12:00:00+00:00,2023-11-17T13:00:00+00:00
fvg_ob_pullback_resume_v1,ibkr,SPY,trend_expansion->normal_volatility->up_momentum->fvg_ob_pullback_resume,3,88,0.45454545454545453,-0.001032971658869009,0.6354180418774148,2023-11-17T13:00:00+00:00,2025-01-06T23:00:00+00:00
fvg_ob_pullback_resume_v1,ibkr,SPY,trend_expansion->normal_volatility->up_momentum->fvg_ob_pullback_resume,4,85,0.49411764705882355,-0.0001820369071011456,0.9183575632820946,2025-01-24T20:00:00+00:00,2026-05-01T22:00:00+00:00
fvg_ob_pullback_resume_v1,yahoo,ES,range_or_de_risk->high_volatility->down_or_flat_momentum->fvg_ob_pullback_resume,1,7,0.5714285714285714,0.0017557750690349108,2.6846424817416255,2024-05-22 20:00:00+00:00,2024-12-06 17:00:00+00:00
fvg_ob_pullback_resume_v1,yahoo,ES,range_or_de_risk->high_volatility->down_or_flat_momentum->fvg_ob_pullback_resume,2,7,0.42857142857142855,-0.0005306182880372366,0.8073244063297863,2024-12-06 18:00:00+00:00,2025-07-14 07:00:00+00:00
fvg_ob_pullback_resume_v1,yahoo,ES,range_or_de_risk->high_volatility->down_or_flat_momentum->fvg_ob_pullback_resume,3,7,0.7142857142857143,-0.0010064914851422588,0.36350165873609686,2025-07-14 07:00:00+00:00,2025-10-30 23:00:00+00:00
fvg_ob_pullback_resume_v1,yahoo,ES,range_or_de_risk->high_volatility->down_or_flat_momentum->fvg_ob_pullback_resume,4,6,0.0,-0.005811834009836809,0.0,2025-11-18 20:00:00+00:00,2026-05-04 17:00:00+00:00
fvg_ob_pullback_resume_v1,yahoo,ES,range_or_de_risk->high_volatility->up_momentum->fvg_ob_pullback_resume,1,8,0.125,-0.0033622124487654496,0.041102208120561666,2024-05-23 06:00:00+00:00,2024-11-01 19:00:00+00:00
fvg_ob_pullback_resume_v1,yahoo,ES,range_or_de_risk->high_volatility->up_momentum->fvg_ob_pullback_resume,2,8,0.375,-0.0035850290579397034,0.2129129944536658,2025-01-02 08:00:00+00:00,2025-07-01 17:00:00+00:00
fvg_ob_pullback_resume_v1,yahoo,ES,range_or_de_risk->high_volatility->up_momentum->fvg_ob_pullback_resume,3,8,0.375,-0.0010136977000423286,0.40404692780530466,2025-07-15 15:00:00+00:00,2025-11-21 18:00:00+00:00
fvg_ob_pullback_resume_v1,yahoo,ES,range_or_de_risk->high_volatility->up_momentum->fvg_ob_pullback_resume,4,5,0.8,0.00015365840582020138,1.047964689323619,2025-11-21 18:00:00+00:00,2026-03-23 17:00:00+00:00
fvg_ob_pullback_resume_v1,yahoo,ES,range_or_de_risk->normal_volatility->down_or_flat_momentum->fvg_ob_pullback_resume,1,20,0.45,-0.00032057108835000165,0.8405137017611888,2024-05-21 14:00:00+00:00,2024-11-19 09:00:00+00:00
fvg_ob_pullback_resume_v1,yahoo,ES,range_or_de_risk->normal_volatility->down_or_flat_momentum->fvg_ob_pullback_resume,2,20,0.4,-0.0018946920983149366,0.44975088793717527,2024-11-29 14:30:00+00:00,2025-05-23 09:00:00+00:00
fvg_ob_pullback_resume_v1,yahoo,ES,range_or_de_risk->normal_volatility->down_or_flat_momentum->fvg_ob_pullback_resume,3,20,0.55,0.00021243591208626241,1.1130598510997887,2025-05-29 13:00:00+00:00,2025-10-10 12:00:00+00:00
fvg_ob_pullback_resume_v1,yahoo,ES,range_or_de_risk->normal_volatility->down_or_flat_momentum->fvg_ob_pullback_resume,4,18,0.3888888888888889,-0.0002814315980729681,0.8954884998151825,2025-11-03 08:00:00+00:00,2026-05-04 12:00:00+00:00
fvg_ob_pullback_resume_v1,yahoo,ES,range_or_de_risk->normal_volatility->up_momentum->fvg_ob_pullback_resume,1,27,0.5925925925925926,0.0010081756823952066,1.74017580843688,2024-05-20 18:00:00+00:00,2024-11-01 14:00:00+00:00
fvg_ob_pullback_resume_v1,yahoo,ES,range_or_de_risk->normal_volatility->up_momentum->fvg_ob_pullback_resume,2,27,0.5185185185185185,-0.0002574403483827318,0.9166467622777951,2024-11-04 11:00:00+00:00,2025-05-19 14:00:00+00:00
fvg_ob_pullback_resume_v1,yahoo,ES,range_or_de_risk->normal_volatility->up_momentum->fvg_ob_pullback_resume,3,27,0.4074074074074074,-0.0007418687989812569,0.6103153917315772,2025-05-27 03:00:00+00:00,2025-10-03 01:00:00+00:00
fvg_ob_pullback_resume_v1,yahoo,ES,range_or_de_risk->normal_volatility->up_momentum->fvg_ob_pullback_resume,4,27,0.3333333333333333,-0.0010983440201022654,0.5953039817210349,2025-10-03 06:00:00+00:00,2026-05-08 13:00:00+00:00
fvg_ob_pullback_resume_v1,yahoo,ES,trend_expansion->high_volatility->down_or_flat_momentum->fvg_ob_pullback_resume,1,15,0.6,0.0004316099797701503,1.1904203201508874,2024-05-31 17:00:00+00:00,2024-12-18 03:00:00+00:00
fvg_ob_pullback_resume_v1,yahoo,ES,trend_expansion->high_volatility->down_or_flat_momentum->fvg_ob_pullback_resume,2,15,0.3333333333333333,-0.0017886194939892217,0.7404890123516416,2024-12-18 19:00:00+00:00,2025-06-13 06:00:00+00:00
fvg_ob_pullback_resume_v1,yahoo,ES,trend_expansion->high_volatility->down_or_flat_momentum->fvg_ob_pullback_resume,3,15,0.6,0.0007927168399490672,1.8912286121975064,2025-07-16 01:00:00+00:00,2026-01-02 15:00:00+00:00
fvg_ob_pullback_resume_v1,yahoo,ES,trend_expansion->high_volatility->down_or_flat_momentum->fvg_ob_pullback_resume,4,15,0.4666666666666667,-0.0005107536719697616,0.8010515743546724,2026-01-02 15:00:00+00:00,2026-03-19 19:00:00+00:00
fvg_ob_pullback_resume_v1,yahoo,ES,trend_expansion->high_volatility->up_momentum->fvg_ob_pullback_resume,1,6,0.5,0.0008955266639958054,1.4978315601297643,2024-05-23 10:00:00+00:00,2024-09-01 22:00:00+00:00
fvg_ob_pullback_resume_v1,yahoo,ES,trend_expansion->high_volatility->up_momentum->fvg_ob_pullback_resume,2,6,0.5,-0.0007371619970177465,0.6831655782866362,2024-10-17 16:00:00+00:00,2025-02-04 05:00:00+00:00
fvg_ob_pullback_resume_v1,yahoo,ES,trend_expansion->high_volatility->up_momentum->fvg_ob_pullback_resume,3,6,0.5,-0.0018994967158800736,0.3868975630737356,2025-03-03 00:00:00+00:00,2025-07-23 23:00:00+00:00
fvg_ob_pullback_resume_v1,yahoo,ES,trend_expansion->high_volatility->up_momentum->fvg_ob_pullback_resume,4,6,0.8333333333333334,0.0027337109624961057,3.3777556577587795,2025-09-04 02:00:00+00:00,2026-04-30 14:00:00+00:00
fvg_ob_pullback_resume_v1,yahoo,ES,trend_expansion->normal_volatility->down_or_flat_momentum->fvg_ob_pullback_resume,1,22,0.45454545454545453,-0.0013064840983990707,0.6403139187680393,2024-05-30 07:00:00+00:00,2024-10-31 11:00:00+00:00
fvg_ob_pullback_resume_v1,yahoo,ES,trend_expansion->normal_volatility->down_or_flat_momentum->fvg_ob_pullback_resume,2,22,0.5454545454545454,0.007582166390215364,3.411234670265641,2024-10-31 16:00:00+00:00,2025-04-21 22:00:00+00:00
fvg_ob_pullback_resume_v1,yahoo,ES,trend_expansion->normal_volatility->down_or_flat_momentum->fvg_ob_pullback_resume,3,22,0.3181818181818182,-0.004503422677444375,0.22608483508321167,2025-04-21 23:00:00+00:00,2025-11-03 14:00:00+00:00
fvg_ob_pullback_resume_v1,yahoo,ES,trend_expansion->normal_volatility->down_or_flat_momentum->fvg_ob_pullback_resume,4,19,0.7368421052631579,0.0018927171777326614,1.6294135607421287,2025-11-04 14:00:00+00:00,2026-05-07 20:00:00+00:00
fvg_ob_pullback_resume_v1,yahoo,ES,trend_expansion->normal_volatility->up_momentum->fvg_ob_pullback_resume,1,38,0.34210526315789475,-0.001112701549330853,0.4812832186278405,2024-06-06 12:00:00+00:00,2025-01-06 20:00:00+00:00
fvg_ob_pullback_resume_v1,yahoo,ES,trend_expansion->normal_volatility->up_momentum->fvg_ob_pullback_resume,2,38,0.3157894736842105,-0.004730753646705739,0.16399517791929588,2025-01-14 02:00:00+00:00,2025-06-27 13:00:00+00:00
fvg_ob_pullback_resume_v1,yahoo,ES,trend_expansion->normal_volatility->up_momentum->fvg_ob_pullback_resume,3,38,0.42105263157894735,-0.0013135850187044743,0.5756660340225191,2025-06-30 07:00:00+00:00,2025-12-22 18:00:00+00:00
fvg_ob_pullback_resume_v1,yahoo,ES,trend_expansion->normal_volatility->up_momentum->fvg_ob_pullback_resume,4,37,0.5405405405405406,-0.0003999065625145535,0.774447525326844,2025-12-23 23:00:00+00:00,2026-05-06 03:00:00+00:00
fvg_retrace_continuation_v1,binance,BTCUSDT,insufficient_context->unknown_volatility->unknown_momentum->fvg_retrace_continuation,1,3,0.6666666666666666,0.0030498914849799905,1.524332390589884,2017-08-18 02:00:00+00:00,2017-08-19 20:00:00+00:00
fvg_retrace_continuation_v1,binance,BTCUSDT,insufficient_context->unknown_volatility->unknown_momentum->fvg_retrace_continuation,2,3,0.6666666666666666,0.0018196695992038403,1.6483774615318705,2017-08-20 03:00:00+00:00,2017-08-20 16:00:00+00:00
fvg_retrace_continuation_v1,binance,BTCUSDT,insufficient_context->unknown_volatility->unknown_momentum->fvg_retrace_continuation,3,3,0.6666666666666666,0.015040259141700374,3.3362598417238845,2017-08-20 21:00:00+00:00,2017-08-21 13:00:00+00:00
fvg_retrace_continuation_v1,binance,BTCUSDT,range_or_de_risk->high_volatility->down_or_flat_momentum->fvg_retrace_continuation,1,73,0.4794520547945205,0.00023535764428221303,1.0202570985492414,2017-08-22 09:00:00+00:00,2020-12-01 16:00:00+00:00
fvg_retrace_continuation_v1,binance,BTCUSDT,range_or_de_risk->high_volatility->down_or_flat_momentum->fvg_retrace_continuation,2,73,0.4657534246575342,-0.0007774175860959532,0.916676506024018,2020-12-01 18:00:00+00:00,2023-02-28 00:00:00+00:00
fvg_retrace_continuation_v1,binance,BTCUSDT,range_or_de_risk->high_volatility->down_or_flat_momentum->fvg_retrace_continuation,3,73,0.3424657534246575,-0.0037139333857140445,0.5335678672431111,2023-02-28 01:00:00+00:00,2024-12-11 00:00:00+00:00
fvg_retrace_continuation_v1,binance,BTCUSDT,range_or_de_risk->high_volatility->down_or_flat_momentum->fvg_retrace_continuation,4,71,0.4647887323943662,-0.0003049995069659366,0.9450078882104234,2024-12-31 06:00:00+00:00,2026-05-11 03:00:00+00:00
fvg_retrace_continuation_v1,binance,BTCUSDT,range_or_de_risk->high_volatility->up_momentum->fvg_retrace_continuation,1,69,0.4927536231884058,-0.0010840917705173538,0.8998096001047736,2017-09-05 07:00:00+00:00,2020-09-05 00:00:00+00:00
fvg_retrace_continuation_v1,binance,BTCUSDT,range_or_de_risk->high_volatility->up_momentum->fvg_retrace_continuation,2,69,0.43478260869565216,-0.004891845759107703,0.5564639545831135,2020-09-15 16:00:00+00:00,2023-01-25 22:00:00+00:00
fvg_retrace_continuation_v1,binance,BTCUSDT,range_or_de_risk->high_volatility->up_momentum->fvg_retrace_continuation,3,69,0.463768115942029,-0.00010062692156832355,0.9807193943476484,2023-03-08 20:00:00+00:00,2024-11-01 14:00:00+00:00
fvg_retrace_continuation_v1,binance,BTCUSDT,range_or_de_risk->high_volatility->up_momentum->fvg_retrace_continuation,4,69,0.463768115942029,-0.0003590992760721273,0.9390276546625116,2024-11-12 21:00:00+00:00,2026-05-11 11:00:00+00:00
fvg_retrace_continuation_v1,binance,BTCUSDT,range_or_de_risk->normal_volatility->down_or_flat_momentum->fvg_retrace_continuation,1,271,0.47601476014760147,0.0005207251231529855,1.0507878768811456,2017-09-10 00:00:00+00:00,2019-11-20 22:00:00+00:00
fvg_retrace_continuation_v1,binance,BTCUSDT,range_or_de_risk->normal_volatility->down_or_flat_momentum->fvg_retrace_continuation,2,271,0.44649446494464945,-0.0030065219237255083,0.7382272801918426,2019-11-21 03:00:00+00:00,2022-01-16 23:00:00+00:00
fvg_retrace_continuation_v1,binance,BTCUSDT,range_or_de_risk->normal_volatility->down_or_flat_momentum->fvg_retrace_continuation,3,271,0.4870848708487085,-0.0001475127773573405,0.974945044852421,2022-01-17 02:00:00+00:00,2024-02-06 14:00:00+00:00
fvg_retrace_continuation_v1,binance,BTCUSDT,range_or_de_risk->normal_volatility->down_or_flat_momentum->fvg_retrace_continuation,4,269,0.4721189591078067,-0.0012980137704110839,0.809657979491369,2024-02-13 14:00:00+00:00,2026-05-08 14:00:00+00:00
fvg_retrace_continuation_v1,binance,BTCUSDT,range_or_de_risk->normal_volatility->up_momentum->fvg_retrace_continuation,1,274,0.45985401459854014,0.00014138468414274225,1.014544045775734,2017-08-25 21:00:00+00:00,2020-05-26 00:00:00+00:00
fvg_retrace_continuation_v1,binance,BTCUSDT,range_or_de_risk->normal_volatility->up_momentum->fvg_retrace_continuation,2,274,0.46715328467153283,-0.0013977872605714918,0.8545691179206086,2020-05-26 12:00:00+00:00,2022-05-19 13:00:00+00:00
fvg_retrace_continuation_v1,binance,BTCUSDT,range_or_de_risk->normal_volatility->up_momentum->fvg_retrace_continuation,3,274,0.41605839416058393,-0.0003918095514002822,0.9252211774705276,2022-05-25 12:00:00+00:00,2024-04-19 04:00:00+00:00
fvg_retrace_continuation_v1,binance,BTCUSDT,range_or_de_risk->normal_volatility->up_momentum->fvg_retrace_continuation,4,271,0.4907749077490775,-0.00128602787758265,0.7942648460259509,2024-04-19 05:00:00+00:00,2026-05-06 13:00:00+00:00
fvg_retrace_continuation_v1,binance,BTCUSDT,trend_expansion->high_volatility->down_or_flat_momentum->fvg_retrace_continuation,1,189,0.48677248677248675,-0.0009646782832230886,0.9395175379736918,2017-09-02 16:00:00+00:00,2019-11-24 20:00:00+00:00
fvg_retrace_continuation_v1,binance,BTCUSDT,trend_expansion->high_volatility->down_or_flat_momentum->fvg_retrace_continuation,2,189,0.41798941798941797,-0.0029289796411940275,0.7621168450490232,2019-11-25 01:00:00+00:00,2022-06-15 17:00:00+00:00
fvg_retrace_continuation_v1,binance,BTCUSDT,trend_expansion->high_volatility->down_or_flat_momentum->fvg_retrace_continuation,3,189,0.4444444444444444,-0.0014915701679315096,0.8216999736033408,2022-07-01 04:00:00+00:00,2024-10-22 02:00:00+00:00
fvg_retrace_continuation_v1,binance,BTCUSDT,trend_expansion->high_volatility->down_or_flat_momentum->fvg_retrace_continuation,4,189,0.43915343915343913,-0.001426667627543588,0.8199864509701212,2024-10-26 00:00:00+00:00,2026-04-30 07:00:00+00:00
fvg_retrace_continuation_v1,binance,BTCUSDT,trend_expansion->high_volatility->up_momentum->fvg_retrace_continuation,1,182,0.5164835164835165,0.00209792387837928,1.216774602395068,2017-08-29 16:00:00+00:00,2020-02-05 22:00:00+00:00
fvg_retrace_continuation_v1,binance,BTCUSDT,trend_expansion->high_volatility->up_momentum->fvg_retrace_continuation,2,182,0.489010989010989,0.001068185106433524,1.142563030734033,2020-02-11 18:00:00+00:00,2022-11-30 21:00:00+00:00
fvg_retrace_continuation_v1,binance,BTCUSDT,trend_expansion->high_volatility->up_momentum->fvg_retrace_continuation,3,182,0.46703296703296704,0.00019895708242648628,1.030827046818353,2022-12-05 06:00:00+00:00,2024-11-06 09:00:00+00:00
fvg_retrace_continuation_v1,binance,BTCUSDT,trend_expansion->high_volatility->up_momentum->fvg_retrace_continuation,4,179,0.4972067039106145,-0.0008438695050421879,0.8699460169861793,2024-11-06 15:00:00+00:00,2026-05-11 01:00:00+00:00
fvg_retrace_continuation_v1,binance,BTCUSDT,trend_expansion->normal_volatility->down_or_flat_momentum->fvg_retrace_continuation,1,377,0.47745358090185674,0.0026484623054215165,1.2747894839994487,2017-08-28 06:00:00+00:00,2019-11-04 02:00:00+00:00
fvg_retrace_continuation_v1,binance,BTCUSDT,trend_expansion->normal_volatility->down_or_flat_momentum->fvg_retrace_continuation,2,377,0.41909814323607425,-0.0033481071873663216,0.6995908916940389,2019-11-04 07:00:00+00:00,2022-04-18 01:00:00+00:00
fvg_retrace_continuation_v1,binance,BTCUSDT,trend_expansion->normal_volatility->down_or_flat_momentum->fvg_retrace_continuation,3,377,0.41379310344827586,-0.002169199106276926,0.6967578156500799,2022-04-22 17:00:00+00:00,2024-06-29 02:00:00+00:00
fvg_retrace_continuation_v1,binance,BTCUSDT,trend_expansion->normal_volatility->down_or_flat_momentum->fvg_retrace_continuation,4,377,0.4535809018567639,-7.4501743524553755e-06,0.9988775675985233,2024-06-29 09:00:00+00:00,2026-05-08 10:00:00+00:00
fvg_retrace_continuation_v1,binance,BTCUSDT,trend_expansion->normal_volatility->up_momentum->fvg_retrace_continuation,1,459,0.5054466230936819,0.0005849758579483551,1.057820485661776,2017-08-23 11:00:00+00:00,2020-01-17 13:00:00+00:00
fvg_retrace_continuation_v1,binance,BTCUSDT,trend_expansion->normal_volatility->up_momentum->fvg_retrace_continuation,2,459,0.47058823529411764,-0.000891256153976831,0.9042473558839771,2020-01-19 04:00:00+00:00,2022-01-26 08:00:00+00:00
fvg_retrace_continuation_v1,binance,BTCUSDT,trend_expansion->normal_volatility->up_momentum->fvg_retrace_continuation,3,459,0.4923747276688453,0.0010080151756403672,1.1559819816042751,2022-01-26 10:00:00+00:00,2024-08-06 10:00:00+00:00
fvg_retrace_continuation_v1,binance,BTCUSDT,trend_expansion->normal_volatility->up_momentum->fvg_retrace_continuation,4,458,0.4781659388646288,-0.0004225278232606914,0.9241528365644079,2024-08-07 12:00:00+00:00,2026-05-10 19:00:00+00:00
fvg_retrace_continuation_v1,ibkr,SPY,insufficient_context->unknown_volatility->unknown_momentum->fvg_retrace_continuation,1,5,0.2,-0.0023469960980284634,0.45854444895273705,2021-05-14T10:00:00+00:00,2021-05-17T12:00:00+00:00
fvg_retrace_continuation_v1,ibkr,SPY,insufficient_context->unknown_volatility->unknown_momentum->fvg_retrace_continuation,2,5,0.4,-0.004477657755401676,0.33214190339009636,2021-05-17T14:00:00+00:00,2021-05-19T12:00:00+00:00
fvg_retrace_continuation_v1,ibkr,SPY,insufficient_context->unknown_volatility->unknown_momentum->fvg_retrace_continuation,3,5,0.6,0.0026137904141336995,1.604379337337892,2021-05-19T12:00:00+00:00,2021-05-20T12:00:00+00:00
fvg_retrace_continuation_v1,ibkr,SPY,insufficient_context->unknown_volatility->unknown_momentum->fvg_retrace_continuation,4,5,1.0,0.0032212349434886053,inf,2021-05-20T21:00:00+00:00,2021-05-24T12:00:00+00:00
fvg_retrace_continuation_v1,ibkr,SPY,range_or_de_risk->high_volatility->down_or_flat_momentum->fvg_retrace_continuation,1,34,0.4117647058823529,-0.0017205537090111255,0.5542657039413745,2021-07-06T23:00:00+00:00,2022-01-24T20:00:00+00:00
fvg_retrace_continuation_v1,ibkr,SPY,range_or_de_risk->high_volatility->down_or_flat_momentum->fvg_retrace_continuation,2,34,0.35294117647058826,-0.004467925527940023,0.42713885211034386,2022-01-25T11:00:00+00:00,2023-06-15T12:00:00+00:00
fvg_retrace_continuation_v1,ibkr,SPY,range_or_de_risk->high_volatility->down_or_flat_momentum->fvg_retrace_continuation,3,34,0.5,-0.0024156261234294543,0.4377157280846401,2023-07-10T13:00:00+00:00,2025-02-13T10:00:00+00:00
fvg_retrace_continuation_v1,ibkr,SPY,range_or_de_risk->high_volatility->down_or_flat_momentum->fvg_retrace_continuation,4,34,0.4411764705882353,0.0020155177903943434,1.5640830999396127,2025-02-26T21:00:00+00:00,2026-04-23T23:00:00+00:00
fvg_retrace_continuation_v1,ibkr,SPY,range_or_de_risk->high_volatility->up_momentum->fvg_retrace_continuation,1,24,0.5416666666666666,-0.0005733192822397539,0.8425851103295736,2021-06-03T16:00:00+00:00,2022-03-09T11:00:00+00:00
fvg_retrace_continuation_v1,ibkr,SPY,range_or_de_risk->high_volatility->up_momentum->fvg_retrace_continuation,2,24,0.5416666666666666,-0.0014503302869475086,0.7144881492282118,2022-03-09T13:00:00+00:00,2023-11-10T21:00:00+00:00
fvg_retrace_continuation_v1,ibkr,SPY,range_or_de_risk->high_volatility->up_momentum->fvg_retrace_continuation,3,24,0.5,-0.00352753112653762,0.3632389039602286,2023-12-01T11:00:00+00:00,2025-09-18T12:00:00+00:00
fvg_retrace_continuation_v1,ibkr,SPY,range_or_de_risk->high_volatility->up_momentum->fvg_retrace_continuation,4,24,0.5416666666666666,-0.0005815300522010979,0.8450808560176107,2025-09-18T12:00:00+00:00,2026-04-30T10:00:00+00:00
fvg_retrace_continuation_v1,ibkr,SPY,range_or_de_risk->normal_volatility->down_or_flat_momentum->fvg_retrace_continuation,1,100,0.47,-0.0008703986624127885,0.7940692612302104,2021-05-26T09:00:00+00:00,2022-09-07T10:00:00+00:00
fvg_retrace_continuation_v1,ibkr,SPY,range_or_de_risk->normal_volatility->down_or_flat_momentum->fvg_retrace_continuation,2,100,0.53,-3.607620566690881e-05,0.9896374968131816,2022-09-19T14:00:00+00:00,2023-10-06T14:00:00+00:00
fvg_retrace_continuation_v1,ibkr,SPY,range_or_de_risk->normal_volatility->down_or_flat_momentum->fvg_retrace_continuation,3,100,0.5,-0.0003558874309032183,0.876011323727029,2023-10-16T10:00:00+00:00,2025-02-13T11:00:00+00:00
fvg_retrace_continuation_v1,ibkr,SPY,range_or_de_risk->normal_volatility->down_or_flat_momentum->fvg_retrace_continuation,4,99,0.43434343434343436,-0.001184013674900241,0.6900107140179694,2025-02-20T19:00:00+00:00,2026-05-04T17:00:00+00:00
fvg_retrace_continuation_v1,ibkr,SPY,range_or_de_risk->normal_volatility->up_momentum->fvg_retrace_continuation,1,112,0.48214285714285715,-0.00020381557513873678,0.9437152655048318,2021-05-27T15:00:00+00:00,2022-09-20T16:00:00+00:00
fvg_retrace_continuation_v1,ibkr,SPY,range_or_de_risk->normal_volatility->up_momentum->fvg_retrace_continuation,2,112,0.5,-0.00029020111339371344,0.9182950270471972,2022-09-27T09:00:00+00:00,2023-10-30T12:00:00+00:00
fvg_retrace_continuation_v1,ibkr,SPY,range_or_de_risk->normal_volatility->up_momentum->fvg_retrace_continuation,3,112,0.5089285714285714,-0.00042279332485954717,0.8216632627731996,2023-10-30T20:00:00+00:00,2024-12-17T11:00:00+00:00
fvg_retrace_continuation_v1,ibkr,SPY,range_or_de_risk->normal_volatility->up_momentum->fvg_retrace_continuation,4,110,0.44545454545454544,-0.0004467517577969768,0.8548219414071874,2024-12-27T11:00:00+00:00,2026-05-08T10:00:00+00:00
fvg_retrace_continuation_v1,ibkr,SPY,trend_expansion->high_volatility->down_or_flat_momentum->fvg_retrace_continuation,1,87,0.2988505747126437,-0.00351502662208814,0.4186478563587027,2021-06-03T12:00:00+00:00,2022-03-08T23:00:00+00:00
fvg_retrace_continuation_v1,ibkr,SPY,trend_expansion->high_volatility->down_or_flat_momentum->fvg_retrace_continuation,2,87,0.45977011494252873,-0.0007108959774609158,0.8208511494499788,2022-04-06T12:00:00+00:00,2024-01-12T11:00:00+00:00
fvg_retrace_continuation_v1,ibkr,SPY,trend_expansion->high_volatility->down_or_flat_momentum->fvg_retrace_continuation,3,87,0.39080459770114945,-0.0013567302731645444,0.6745379449058231,2024-01-31T19:00:00+00:00,2025-02-26T11:00:00+00:00
fvg_retrace_continuation_v1,ibkr,SPY,trend_expansion->high_volatility->down_or_flat_momentum->fvg_retrace_continuation,4,86,0.37209302325581395,-0.0028072434241669026,0.58184632045497,2025-02-26T11:00:00+00:00,2026-03-23T09:00:00+00:00
fvg_retrace_continuation_v1,ibkr,SPY,trend_expansion->high_volatility->up_momentum->fvg_retrace_continuation,1,46,0.43478260869565216,-0.0018230228956702442,0.6475198808875886,2021-06-21T22:00:00+00:00,2023-06-14T19:00:00+00:00
fvg_retrace_continuation_v1,ibkr,SPY,trend_expansion->high_volatility->up_momentum->fvg_retrace_continuation,2,46,0.4782608695652174,-0.0013214781489244692,0.5918746775617604,2023-06-15T17:00:00+00:00,2024-06-04T08:00:00+00:00
fvg_retrace_continuation_v1,ibkr,SPY,trend_expansion->high_volatility->up_momentum->fvg_retrace_continuation,3,46,0.34782608695652173,-0.003212070938974408,0.40633662229178175,2024-06-04T10:00:00+00:00,2025-05-27T17:00:00+00:00
fvg_retrace_continuation_v1,ibkr,SPY,trend_expansion->high_volatility->up_momentum->fvg_retrace_continuation,4,45,0.4222222222222222,-0.003008251250967989,0.2673021585402946,2025-05-27T17:00:00+00:00,2026-05-06T16:00:00+00:00
fvg_retrace_continuation_v1,ibkr,SPY,trend_expansion->normal_volatility->down_or_flat_momentum->fvg_retrace_continuation,1,148,0.5,0.00014028872395113824,1.0304204077670498,2021-06-02T08:00:00+00:00,2022-09-14T10:00:00+00:00
fvg_retrace_continuation_v1,ibkr,SPY,trend_expansion->normal_volatility->down_or_flat_momentum->fvg_retrace_continuation,2,148,0.4391891891891892,-0.0013192148917128975,0.6812769436587259,2022-09-14T15:00:00+00:00,2023-07-05T12:00:00+00:00
fvg_retrace_continuation_v1,ibkr,SPY,trend_expansion->normal_volatility->down_or_flat_momentum->fvg_retrace_continuation,3,148,0.4391891891891892,-0.0009556119686000151,0.6846143691737997,2023-07-05T12:00:00+00:00,2024-10-22T12:00:00+00:00
fvg_retrace_continuation_v1,ibkr,SPY,trend_expansion->normal_volatility->down_or_flat_momentum->fvg_retrace_continuation,4,145,0.38620689655172413,-0.0016290981179612257,0.638068325782881,2024-10-31T10:00:00+00:00,2026-04-29T13:00:00+00:00
fvg_retrace_continuation_v1,ibkr,SPY,trend_expansion->normal_volatility->up_momentum->fvg_retrace_continuation,1,285,0.48771929824561405,-8.142879128559542e-05,0.9755598238702867,2021-05-24T16:00:00+00:00,2022-08-15T10:00:00+00:00
fvg_retrace_continuation_v1,ibkr,SPY,trend_expansion->normal_volatility->up_momentum->fvg_retrace_continuation,2,285,0.5263157894736842,0.0002238818801375349,1.0672777266390046,2022-08-15T12:00:00+00:00,2023-12-08T13:00:00+00:00
fvg_retrace_continuation_v1,ibkr,SPY,trend_expansion->normal_volatility->up_momentum->fvg_retrace_continuation,3,285,0.4807017543859649,-0.00046086231600221423,0.8293616436144361,2023-12-08T15:00:00+00:00,2025-02-04T17:00:00+00:00
fvg_retrace_continuation_v1,ibkr,SPY,trend_expansion->normal_volatility->up_momentum->fvg_retrace_continuation,4,284,0.4225352112676056,-0.000987823872062091,0.6594318643521005,2025-02-05T18:00:00+00:00,2026-05-11T09:00:00+00:00
fvg_retrace_continuation_v1,yahoo,ES,insufficient_context->unknown_volatility->unknown_momentum->fvg_retrace_continuation,1,2,1.0,0.003715959221751076,inf,2024-05-14 07:00:00+00:00,2024-05-15 00:00:00+00:00
fvg_retrace_continuation_v1,yahoo,ES,insufficient_context->unknown_volatility->unknown_momentum->fvg_retrace_continuation,2,2,0.0,-0.006131358430458955,0.0,2024-05-15 06:00:00+00:00,2024-05-16 06:00:00+00:00
fvg_retrace_continuation_v1,yahoo,ES,insufficient_context->unknown_volatility->unknown_momentum->fvg_retrace_continuation,3,2,0.5,-0.001033077052254338,0.5406663782499419,2024-05-16 07:00:00+00:00,2024-05-16 16:00:00+00:00
fvg_retrace_continuation_v1,yahoo,ES,insufficient_context->unknown_volatility->unknown_momentum->fvg_retrace_continuation,4,2,0.0,-0.001057181696243669,0.0,2024-05-17 01:00:00+00:00,2024-05-20 00:00:00+00:00
fvg_retrace_continuation_v1,yahoo,ES,range_or_de_risk->high_volatility->down_or_flat_momentum->fvg_retrace_continuation,1,19,0.3684210526315789,-0.0009675073063488464,0.6563970050581373,2024-05-22 20:00:00+00:00,2024-12-06 18:00:00+00:00
fvg_retrace_continuation_v1,yahoo,ES,range_or_de_risk->high_volatility->down_or_flat_momentum->fvg_retrace_continuation,2,19,0.2631578947368421,-0.003618270488889467,0.2691741051230988,2024-12-09 18:00:00+00:00,2025-05-30 20:00:00+00:00
fvg_retrace_continuation_v1,yahoo,ES,range_or_de_risk->high_volatility->down_or_flat_momentum->fvg_retrace_continuation,3,19,0.42105263157894735,-0.0010028621129144202,0.49802627287730417,2025-06-02 00:00:00+00:00,2025-10-30 23:00:00+00:00
fvg_retrace_continuation_v1,yahoo,ES,range_or_de_risk->high_volatility->down_or_flat_momentum->fvg_retrace_continuation,4,19,0.21052631578947367,-0.0033011797251732283,0.24778395550923316,2025-11-14 18:00:00+00:00,2026-05-08 02:00:00+00:00
fvg_retrace_continuation_v1,yahoo,ES,range_or_de_risk->high_volatility->up_momentum->fvg_retrace_continuation,1,17,0.29411764705882354,-0.0033663047415593626,0.22825967305436623,2024-05-23 06:00:00+00:00,2024-10-27 22:00:00+00:00
fvg_retrace_continuation_v1,yahoo,ES,range_or_de_risk->high_volatility->up_momentum->fvg_retrace_continuation,2,17,0.23529411764705882,-0.0032148774088785015,0.13369884246668362,2024-11-01 19:00:00+00:00,2025-07-01 17:00:00+00:00
fvg_retrace_continuation_v1,yahoo,ES,range_or_de_risk->high_volatility->up_momentum->fvg_retrace_continuation,3,17,0.29411764705882354,-0.0024087881057008255,0.15528336721484942,2025-07-11 02:00:00+00:00,2025-10-14 22:00:00+00:00
fvg_retrace_continuation_v1,yahoo,ES,range_or_de_risk->high_volatility->up_momentum->fvg_retrace_continuation,4,17,0.5294117647058824,0.0022794313637839883,1.7489827905832733,2025-10-15 04:00:00+00:00,2026-04-24 04:00:00+00:00
fvg_retrace_continuation_v1,yahoo,ES,range_or_de_risk->normal_volatility->down_or_flat_momentum->fvg_retrace_continuation,1,44,0.45454545454545453,-0.00019350416192201691,0.8813091312494375,2024-05-21 14:00:00+00:00,2024-12-13 14:00:00+00:00
fvg_retrace_continuation_v1,yahoo,ES,range_or_de_risk->normal_volatility->down_or_flat_momentum->fvg_retrace_continuation,2,44,0.45454545454545453,-0.0008913900719968826,0.7203662230058622,2024-12-16 11:00:00+00:00,2025-06-20 01:00:00+00:00
fvg_retrace_continuation_v1,yahoo,ES,range_or_de_risk->normal_volatility->down_or_flat_momentum->fvg_retrace_continuation,3,44,0.5227272727272727,-0.00036304439336286407,0.8608392831008089,2025-06-20 04:00:00+00:00,2025-12-02 16:00:00+00:00
fvg_retrace_continuation_v1,yahoo,ES,range_or_de_risk->normal_volatility->down_or_flat_momentum->fvg_retrace_continuation,4,41,0.36585365853658536,-0.0019983553423698133,0.48264047127411797,2025-12-08 17:00:00+00:00,2026-05-04 12:00:00+00:00
fvg_retrace_continuation_v1,yahoo,ES,range_or_de_risk->normal_volatility->up_momentum->fvg_retrace_continuation,1,61,0.47540983606557374,-0.0007863784960534879,0.6623022808701472,2024-05-20 08:00:00+00:00,2024-10-21 07:00:00+00:00
fvg_retrace_continuation_v1,yahoo,ES,range_or_de_risk->normal_volatility->up_momentum->fvg_retrace_continuation,2,61,0.5409836065573771,0.00010677322754303255,1.043653182218782,2024-10-25 07:00:00+00:00,2025-05-28 16:00:00+00:00
fvg_retrace_continuation_v1,yahoo,ES,range_or_de_risk->normal_volatility->up_momentum->fvg_retrace_continuation,3,61,0.45901639344262296,-0.0006316265516844639,0.6573837514501932,2025-05-29 12:00:00+00:00,2025-10-07 10:00:00+00:00
fvg_retrace_continuation_v1,yahoo,ES,range_or_de_risk->normal_volatility->up_momentum->fvg_retrace_continuation,4,58,0.41379310344827586,-0.0009160658091795822,0.672303346038075,2025-10-07 12:00:00+00:00,2026-05-08 13:00:00+00:00
fvg_retrace_continuation_v1,yahoo,ES,trend_expansion->high_volatility->down_or_flat_momentum->fvg_retrace_continuation,1,39,0.4358974358974359,-0.0010589693719465427,0.7355577987867872,2024-05-23 23:00:00+00:00,2024-12-30 20:00:00+00:00
fvg_retrace_continuation_v1,yahoo,ES,trend_expansion->high_volatility->down_or_flat_momentum->fvg_retrace_continuation,2,39,0.4358974358974359,0.0008957337475768961,1.228000596751455,2024-12-31 01:00:00+00:00,2025-05-21 22:00:00+00:00
fvg_retrace_continuation_v1,yahoo,ES,trend_expansion->high_volatility->down_or_flat_momentum->fvg_retrace_continuation,3,39,0.41025641025641024,-0.0017089301630288656,0.4406196966696159,2025-05-23 13:00:00+00:00,2026-01-02 15:00:00+00:00
fvg_retrace_continuation_v1,yahoo,ES,trend_expansion->high_volatility->down_or_flat_momentum->fvg_retrace_continuation,4,36,0.5,-0.0004863485622520375,0.8657374256091825,2026-01-02 17:00:00+00:00,2026-03-19 19:00:00+00:00
fvg_retrace_continuation_v1,yahoo,ES,trend_expansion->high_volatility->up_momentum->fvg_retrace_continuation,1,25,0.36,-0.0011590337347930106,0.4709731105657837,2024-05-23 10:00:00+00:00,2024-09-19 18:00:00+00:00
fvg_retrace_continuation_v1,yahoo,ES,trend_expansion->high_volatility->up_momentum->fvg_retrace_continuation,2,25,0.64,0.00022171809323920106,1.0892709643546945,2024-09-26 18:00:00+00:00,2025-04-09 19:00:00+00:00
fvg_retrace_continuation_v1,yahoo,ES,trend_expansion->high_volatility->up_momentum->fvg_retrace_continuation,3,25,0.4,-0.001347402113731077,0.4327140377455358,2025-04-10 00:00:00+00:00,2025-10-27 02:00:00+00:00
fvg_retrace_continuation_v1,yahoo,ES,trend_expansion->high_volatility->up_momentum->fvg_retrace_continuation,4,22,0.5,-0.0014652803702471363,0.5301672662894588,2025-12-10 21:00:00+00:00,2026-05-06 22:00:00+00:00
fvg_retrace_continuation_v1,yahoo,ES,trend_expansion->normal_volatility->down_or_flat_momentum->fvg_retrace_continuation,1,54,0.46296296296296297,-0.0010912009600239881,0.6209863089762366,2024-05-24 12:00:00+00:00,2024-12-17 14:00:00+00:00
fvg_retrace_continuation_v1,yahoo,ES,trend_expansion->normal_volatility->down_or_flat_momentum->fvg_retrace_continuation,2,54,0.5,-0.0013353355814299975,0.8219518799788061,2024-12-27 19:00:00+00:00,2025-04-21 22:00:00+00:00
fvg_retrace_continuation_v1,yahoo,ES,trend_expansion->normal_volatility->down_or_flat_momentum->fvg_retrace_continuation,3,54,0.4074074074074074,-0.000999694447663903,0.7167642104066819,2025-04-21 22:00:00+00:00,2025-12-01 07:00:00+00:00
fvg_retrace_continuation_v1,yahoo,ES,trend_expansion->normal_volatility->down_or_flat_momentum->fvg_retrace_continuation,4,51,0.49019607843137253,-0.00011645909425239353,0.9687264921820937,2025-12-09 10:00:00+00:00,2026-05-07 20:00:00+00:00
fvg_retrace_continuation_v1,yahoo,ES,trend_expansion->normal_volatility->up_momentum->fvg_retrace_continuation,1,111,0.36036036036036034,-0.0009936109124540975,0.5429486248054834,2024-05-20 16:00:00+00:00,2024-11-25 21:00:00+00:00
fvg_retrace_continuation_v1,yahoo,ES,trend_expansion->normal_volatility->up_momentum->fvg_retrace_continuation,2,111,0.3153153153153153,-0.0020272862215588885,0.46386037374604244,2024-11-26 23:00:00+00:00,2025-06-03 11:00:00+00:00
fvg_retrace_continuation_v1,yahoo,ES,trend_expansion->normal_volatility->up_momentum->fvg_retrace_continuation,3,111,0.4774774774774775,-0.0006074191339688386,0.737739729882459,2025-06-03 13:00:00+00:00,2025-11-25 14:00:00+00:00
fvg_retrace_continuation_v1,yahoo,ES,trend_expansion->normal_volatility->up_momentum->fvg_retrace_continuation,4,109,0.5229357798165137,-0.0004373128709114945,0.7880024602259638,2025-11-25 19:00:00+00:00,2026-05-11 00:00:00+00:00
ob_fvg_confluence_continuation_v1,binance,BTCUSDT,insufficient_context->unknown_volatility->unknown_momentum->ob_fvg_confluence_continuation,1,2,1.0,0.028192548398775885,inf,2017-08-18 18:00:00+00:00,2017-08-19 20:00:00+00:00
ob_fvg_confluence_continuation_v1,binance,BTCUSDT,insufficient_context->unknown_volatility->unknown_momentum->ob_fvg_confluence_continuation,2,2,0.5,0.0014974163083820713,1.2611782101587656,2017-08-20 08:00:00+00:00,2017-08-20 23:00:00+00:00
ob_fvg_confluence_continuation_v1,binance,BTCUSDT,insufficient_context->unknown_volatility->unknown_momentum->ob_fvg_confluence_continuation,3,1,1.0,0.010496783346787053,inf,2017-08-21 10:00:00+00:00,2017-08-21 10:00:00+00:00
ob_fvg_confluence_continuation_v1,binance,BTCUSDT,range_or_de_risk->high_volatility->down_or_flat_momentum->ob_fvg_confluence_continuation,1,29,0.5172413793103449,0.003684942152349583,1.5416770850550847,2017-08-22 09:00:00+00:00,2020-06-25 14:00:00+00:00
ob_fvg_confluence_continuation_v1,binance,BTCUSDT,range_or_de_risk->high_volatility->down_or_flat_momentum->ob_fvg_confluence_continuation,2,29,0.3448275862068966,-0.005186261166352633,0.49527098108356976,2020-06-25 19:00:00+00:00,2022-12-28 17:00:00+00:00
ob_fvg_confluence_continuation_v1,binance,BTCUSDT,range_or_de_risk->high_volatility->down_or_flat_momentum->ob_fvg_confluence_continuation,3,29,0.3103448275862069,-0.004742914657533273,0.24945845728535,2022-12-29 09:00:00+00:00,2024-10-02 17:00:00+00:00
ob_fvg_confluence_continuation_v1,binance,BTCUSDT,range_or_de_risk->high_volatility->down_or_flat_momentum->ob_fvg_confluence_continuation,4,26,0.3076923076923077,-0.007832237141246295,0.24876079765851103,2024-10-11 01:00:00+00:00,2026-05-11 03:00:00+00:00
ob_fvg_confluence_continuation_v1,binance,BTCUSDT,range_or_de_risk->high_volatility->up_momentum->ob_fvg_confluence_continuation,1,32,0.4375,-0.001203596857641112,0.8751237082652393,2017-09-03 16:00:00+00:00,2020-12-28 01:00:00+00:00
ob_fvg_confluence_continuation_v1,binance,BTCUSDT,range_or_de_risk->high_volatility->up_momentum->ob_fvg_confluence_continuation,2,32,0.59375,0.0028816824158766495,1.51242843485298,2021-01-03 16:00:00+00:00,2023-08-01 20:00:00+00:00
ob_fvg_confluence_continuation_v1,binance,BTCUSDT,range_or_de_risk->high_volatility->up_momentum->ob_fvg_confluence_continuation,3,32,0.375,0.00015805202234097545,1.0245171213371256,2023-09-29 14:00:00+00:00,2025-01-20 15:00:00+00:00
ob_fvg_confluence_continuation_v1,binance,BTCUSDT,range_or_de_risk->high_volatility->up_momentum->ob_fvg_confluence_continuation,4,30,0.5,-0.0008859840735078019,0.7796657605277001,2025-02-19 06:00:00+00:00,2026-05-06 14:00:00+00:00
ob_fvg_confluence_continuation_v1,binance,BTCUSDT,range_or_de_risk->normal_volatility->down_or_flat_momentum->ob_fvg_confluence_continuation,1,120,0.5083333333333333,-5.081098942496407e-05,0.9949593452751736,2017-09-23 05:00:00+00:00,2019-11-11 07:00:00+00:00
ob_fvg_confluence_continuation_v1,binance,BTCUSDT,range_or_de_risk->normal_volatility->down_or_flat_momentum->ob_fvg_confluence_continuation,2,120,0.425,-0.001085049599449623,0.886084720979026,2019-12-02 10:00:00+00:00,2021-12-26 16:00:00+00:00
ob_fvg_confluence_continuation_v1,binance,BTCUSDT,range_or_de_risk->normal_volatility->down_or_flat_momentum->ob_fvg_confluence_continuation,3,120,0.49166666666666664,-0.0011278258072186487,0.8131528332325363,2021-12-26 21:00:00+00:00,2024-03-03 09:00:00+00:00
ob_fvg_confluence_continuation_v1,binance,BTCUSDT,range_or_de_risk->normal_volatility->down_or_flat_momentum->ob_fvg_confluence_continuation,4,117,0.4444444444444444,-0.0009980094375183347,0.852801152838458,2024-03-13 13:00:00+00:00,2026-05-08 14:00:00+00:00
ob_fvg_confluence_continuation_v1,binance,BTCUSDT,range_or_de_risk->normal_volatility->up_momentum->ob_fvg_confluence_continuation,1,119,0.40336134453781514,-0.003930242001288618,0.6762946819388561,2017-09-08 00:00:00+00:00,2019-07-29 08:00:00+00:00
ob_fvg_confluence_continuation_v1,binance,BTCUSDT,range_or_de_risk->normal_volatility->up_momentum->ob_fvg_confluence_continuation,2,119,0.47058823529411764,-0.0035950508246515747,0.6804620684625682,2019-08-04 17:00:00+00:00,2021-07-02 13:00:00+00:00
ob_fvg_confluence_continuation_v1,binance,BTCUSDT,range_or_de_risk->normal_volatility->up_momentum->ob_fvg_confluence_continuation,3,119,0.4117647058823529,-0.0023714396682115333,0.5852295039195958,2021-07-07 05:00:00+00:00,2023-09-24 10:00:00+00:00
ob_fvg_confluence_continuation_v1,binance,BTCUSDT,range_or_de_risk->normal_volatility->up_momentum->ob_fvg_confluence_continuation,4,116,0.46551724137931033,-0.002955746997897686,0.628582909532793,2023-09-26 13:00:00+00:00,2026-05-03 09:00:00+00:00
ob_fvg_confluence_continuation_v1,binance,BTCUSDT,trend_expansion->high_volatility->down_or_flat_momentum->ob_fvg_confluence_continuation,1,51,0.3333333333333333,-0.017431225695815615,0.3257434083230308,2017-09-02 22:00:00+00:00,2019-09-04 22:00:00+00:00
ob_fvg_confluence_continuation_v1,binance,BTCUSDT,trend_expansion->high_volatility->down_or_flat_momentum->ob_fvg_confluence_continuation,2,51,0.45098039215686275,-0.004396540222762814,0.625863734946992,2019-09-26 23:00:00+00:00,2022-03-10 13:00:00+00:00
ob_fvg_confluence_continuation_v1,binance,BTCUSDT,trend_expansion->high_volatility->down_or_flat_momentum->ob_fvg_confluence_continuation,3,51,0.43137254901960786,-0.002372033185866235,0.7868188797623313,2022-03-10 15:00:00+00:00,2024-09-06 22:00:00+00:00
ob_fvg_confluence_continuation_v1,binance,BTCUSDT,trend_expansion->high_volatility->down_or_flat_momentum->ob_fvg_confluence_continuation,4,48,0.4375,-0.0021671934670429204,0.7610346455376521,2024-09-30 19:00:00+00:00,2026-04-30 07:00:00+00:00
ob_fvg_confluence_continuation_v1,binance,BTCUSDT,trend_expansion->high_volatility->up_momentum->ob_fvg_confluence_continuation,1,44,0.4772727272727273,-0.006064877244051071,0.6870118161328906,2017-10-21 04:00:00+00:00,2020-01-08 16:00:00+00:00
ob_fvg_confluence_continuation_v1,binance,BTCUSDT,trend_expansion->high_volatility->up_momentum->ob_fvg_confluence_continuation,2,44,0.5454545454545454,0.0065702118053205605,2.6118348765897097,2020-01-15 00:00:00+00:00,2022-04-27 22:00:00+00:00
ob_fvg_confluence_continuation_v1,binance,BTCUSDT,trend_expansion->high_volatility->up_momentum->ob_fvg_confluence_continuation,3,44,0.5227272727272727,-0.0009027607008918744,0.8710679521643786,2022-07-14 06:00:00+00:00,2024-09-27 02:00:00+00:00
ob_fvg_confluence_continuation_v1,binance,BTCUSDT,trend_expansion->high_volatility->up_momentum->ob_fvg_confluence_continuation,4,43,0.32558139534883723,-0.0032623264751068604,0.5421937891853063,2024-10-07 19:00:00+00:00,2026-05-04 06:00:00+00:00
ob_fvg_confluence_continuation_v1,binance,BTCUSDT,trend_expansion->normal_volatility->down_or_flat_momentum->ob_fvg_confluence_continuation,1,112,0.39285714285714285,-0.005226382833701251,0.6297243730450571,2017-08-28 06:00:00+00:00,2019-07-14 04:00:00+00:00
ob_fvg_confluence_continuation_v1,binance,BTCUSDT,trend_expansion->normal_volatility->down_or_flat_momentum->ob_fvg_confluence_continuation,2,112,0.49107142857142855,-0.0018969843270189417,0.8068798532039176,2019-08-11 09:00:00+00:00,2022-01-18 06:00:00+00:00
ob_fvg_confluence_continuation_v1,binance,BTCUSDT,trend_expansion->normal_volatility->down_or_flat_momentum->ob_fvg_confluence_continuation,3,112,0.39285714285714285,-0.0033153105532054226,0.6329200195646454,2022-01-24 08:00:00+00:00,2024-01-29 08:00:00+00:00
ob_fvg_confluence_continuation_v1,binance,BTCUSDT,trend_expansion->normal_volatility->down_or_flat_momentum->ob_fvg_confluence_continuation,4,112,0.3482142857142857,-0.003894396448576996,0.5118456776221377,2024-02-01 15:00:00+00:00,2026-04-29 01:00:00+00:00
ob_fvg_confluence_continuation_v1,binance,BTCUSDT,trend_expansion->normal_volatility->up_momentum->ob_fvg_confluence_continuation,1,156,0.47435897435897434,-0.0012575395470102741,0.9007471073296782,2017-09-01 06:00:00+00:00,2019-08-02 22:00:00+00:00
ob_fvg_confluence_continuation_v1,binance,BTCUSDT,trend_expansion->normal_volatility->up_momentum->ob_fvg_confluence_continuation,2,156,0.5064102564102564,0.002524694311238719,1.3921489842295114,2019-08-03 16:00:00+00:00,2021-07-25 19:00:00+00:00
ob_fvg_confluence_continuation_v1,binance,BTCUSDT,trend_expansion->normal_volatility->up_momentum->ob_fvg_confluence_continuation,3,156,0.4166666666666667,0.0007093023288298611,1.1004240376008319,2021-08-09 19:00:00+00:00,2024-05-17 21:00:00+00:00
ob_fvg_confluence_continuation_v1,binance,BTCUSDT,trend_expansion->normal_volatility->up_momentum->ob_fvg_confluence_continuation,4,153,0.43790849673202614,-0.0007597543256480392,0.8679538698839739,2024-05-26 05:00:00+00:00,2026-05-02 06:00:00+00:00
ob_fvg_confluence_continuation_v1,ibkr,SPY,insufficient_context->unknown_volatility->unknown_momentum->ob_fvg_confluence_continuation,1,1,0.0,-0.014085626529730732,0.0,2021-05-18T09:00:00+00:00,2021-05-18T09:00:00+00:00
ob_fvg_confluence_continuation_v1,ibkr,SPY,insufficient_context->unknown_volatility->unknown_momentum->ob_fvg_confluence_continuation,2,1,0.0,-0.0064526988811016255,0.0,2021-05-19T12:00:00+00:00,2021-05-19T12:00:00+00:00
ob_fvg_confluence_continuation_v1,ibkr,SPY,insufficient_context->unknown_volatility->unknown_momentum->ob_fvg_confluence_continuation,3,1,0.0,-0.01156683202023141,0.0,2021-05-20T12:00:00+00:00,2021-05-20T12:00:00+00:00
ob_fvg_confluence_continuation_v1,ibkr,SPY,insufficient_context->unknown_volatility->unknown_momentum->ob_fvg_confluence_continuation,4,1,1.0,0.01036683202023141,inf,2021-05-20T12:00:00+00:00,2021-05-20T12:00:00+00:00
ob_fvg_confluence_continuation_v1,ibkr,SPY,range_or_de_risk->high_volatility->down_or_flat_momentum->ob_fvg_confluence_continuation,1,9,0.3333333333333333,-0.0008784144844912479,0.702198114970295,2021-07-07T08:00:00+00:00,2022-01-25T20:00:00+00:00
ob_fvg_confluence_continuation_v1,ibkr,SPY,range_or_de_risk->high_volatility->down_or_flat_momentum->ob_fvg_confluence_continuation,2,9,0.3333333333333333,0.00020534353535072846,1.031505233579047,2022-02-22T13:00:00+00:00,2023-03-24T12:00:00+00:00
ob_fvg_confluence_continuation_v1,ibkr,SPY,range_or_de_risk->high_volatility->down_or_flat_momentum->ob_fvg_confluence_continuation,3,9,0.4444444444444444,-0.0018620188026317454,0.5030818253023202,2023-12-21T21:00:00+00:00,2024-10-01T18:00:00+00:00
ob_fvg_confluence_continuation_v1,ibkr,SPY,range_or_de_risk->high_volatility->down_or_flat_momentum->ob_fvg_confluence_continuation,4,8,0.5,0.026788569495869833,11.350012701313307,2025-01-30T16:00:00+00:00,2026-01-15T13:00:00+00:00
ob_fvg_confluence_continuation_v1,ibkr,SPY,range_or_de_risk->high_volatility->up_momentum->ob_fvg_confluence_continuation,1,7,0.7142857142857143,0.0038655497005094653,2.358271958340425,2021-06-10T14:00:00+00:00,2022-05-13T09:00:00+00:00
ob_fvg_confluence_continuation_v1,ibkr,SPY,range_or_de_risk->high_volatility->up_momentum->ob_fvg_confluence_continuation,2,7,0.5714285714285714,-0.0005268435860977037,0.8177343383586041,2022-10-14T15:00:00+00:00,2024-05-22T20:00:00+00:00
ob_fvg_confluence_continuation_v1,ibkr,SPY,range_or_de_risk->high_volatility->up_momentum->ob_fvg_confluence_continuation,3,7,0.7142857142857143,0.003491206509552684,2.4993006997282,2024-07-11T18:00:00+00:00,2026-03-02T20:00:00+00:00
ob_fvg_confluence_continuation_v1,ibkr,SPY,range_or_de_risk->high_volatility->up_momentum->ob_fvg_confluence_continuation,4,4,0.75,0.002614813338662831,2.0205749482809874,2026-03-03T21:00:00+00:00,2026-04-30T10:00:00+00:00
ob_fvg_confluence_continuation_v1,ibkr,SPY,range_or_de_risk->normal_volatility->down_or_flat_momentum->ob_fvg_confluence_continuation,1,20,0.4,-0.0021651204356260717,0.5209514849617974,2021-06-01T14:00:00+00:00,2022-08-24T16:00:00+00:00
ob_fvg_confluence_continuation_v1,ibkr,SPY,range_or_de_risk->normal_volatility->down_or_flat_momentum->ob_fvg_confluence_continuation,2,20,0.4,-0.002750294801823566,0.5098472832611595,2022-09-29T13:00:00+00:00,2023-08-15T15:00:00+00:00
ob_fvg_confluence_continuation_v1,ibkr,SPY,range_or_de_risk->normal_volatility->down_or_flat_momentum->ob_fvg_confluence_continuation,3,20,0.3,-0.0035102825162438836,0.28231399497123943,2023-10-30T14:00:00+00:00,2025-01-29T18:00:00+00:00
ob_fvg_confluence_continuation_v1,ibkr,SPY,range_or_de_risk->normal_volatility->down_or_flat_momentum->ob_fvg_confluence_continuation,4,19,0.2631578947368421,0.0003303466508571169,1.1840959448817518,2025-02-04T14:00:00+00:00,2026-02-11T14:00:00+00:00
ob_fvg_confluence_continuation_v1,ibkr,SPY,range_or_de_risk->normal_volatility->up_momentum->ob_fvg_confluence_continuation,1,27,0.5925925925925926,0.0006795707205851508,1.2041277291905434,2021-06-08T12:00:00+00:00,2023-01-17T16:00:00+00:00
ob_fvg_confluence_continuation_v1,ibkr,SPY,range_or_de_risk->normal_volatility->up_momentum->ob_fvg_confluence_continuation,2,27,0.5555555555555556,0.0007744686007132191,1.4773260576206235,2023-02-14T16:00:00+00:00,2024-04-12T13:00:00+00:00
ob_fvg_confluence_continuation_v1,ibkr,SPY,range_or_de_risk->normal_volatility->up_momentum->ob_fvg_confluence_continuation,3,27,0.3333333333333333,-0.0023004665490926612,0.307888359024372,2024-04-22T21:00:00+00:00,2025-02-19T12:00:00+00:00
ob_fvg_confluence_continuation_v1,ibkr,SPY,range_or_de_risk->normal_volatility->up_momentum->ob_fvg_confluence_continuation,4,27,0.3333333333333333,-0.001706226173806562,0.45595128910767835,2025-02-20T09:00:00+00:00,2026-05-08T10:00:00+00:00
ob_fvg_confluence_continuation_v1,ibkr,SPY,trend_expansion->high_volatility->down_or_flat_momentum->ob_fvg_confluence_continuation,1,17,0.29411764705882354,-0.003340937833478507,0.5234693874914348,2021-07-08T12:00:00+00:00,2022-04-12T22:00:00+00:00
ob_fvg_confluence_continuation_v1,ibkr,SPY,trend_expansion->high_volatility->down_or_flat_momentum->ob_fvg_confluence_continuation,2,17,0.5294117647058824,-0.0025416679002116566,0.5553004390359255,2022-04-12T22:00:00+00:00,2023-08-15T20:00:00+00:00
ob_fvg_confluence_continuation_v1,ibkr,SPY,trend_expansion->high_volatility->down_or_flat_momentum->ob_fvg_confluence_continuation,3,17,0.4117647058823529,-0.001207370649897883,0.7345183886608355,2023-08-25T16:00:00+00:00,2025-03-04T16:00:00+00:00
ob_fvg_confluence_continuation_v1,ibkr,SPY,trend_expansion->high_volatility->down_or_flat_momentum->ob_fvg_confluence_continuation,4,16,0.5,0.0015963746464509004,1.2533131452879247,2025-04-03T15:00:00+00:00,2026-03-23T09:00:00+00:00
ob_fvg_confluence_continuation_v1,ibkr,SPY,trend_expansion->high_volatility->up_momentum->ob_fvg_confluence_continuation,1,10,0.6,0.000598879900252914,1.4074618915280483,2021-10-26T20:00:00+00:00,2023-04-28T20:00:00+00:00
ob_fvg_confluence_continuation_v1,ibkr,SPY,trend_expansion->high_volatility->up_momentum->ob_fvg_confluence_continuation,2,10,0.6,-0.0005182502748015121,0.7637838813516795,2023-06-14T09:00:00+00:00,2024-03-12T17:00:00+00:00
ob_fvg_confluence_continuation_v1,ibkr,SPY,trend_expansion->high_volatility->up_momentum->ob_fvg_confluence_continuation,3,10,0.2,-0.005981215842201525,0.1551508616020042,2024-04-04T12:00:00+00:00,2025-04-30T22:00:00+00:00
ob_fvg_confluence_continuation_v1,ibkr,SPY,trend_expansion->high_volatility->up_momentum->ob_fvg_confluence_continuation,4,8,0.75,-0.0008729416959242751,0.6124263238534576,2025-05-08T11:00:00+00:00,2026-04-23T12:00:00+00:00
ob_fvg_confluence_continuation_v1,ibkr,SPY,trend_expansion->normal_volatility->down_or_flat_momentum->ob_fvg_confluence_continuation,1,26,0.5384615384615384,-0.0013711295174142722,0.7103932212095447,2021-07-14T15:00:00+00:00,2022-08-19T14:00:00+00:00
ob_fvg_confluence_continuation_v1,ibkr,SPY,trend_expansion->normal_volatility->down_or_flat_momentum->ob_fvg_confluence_continuation,2,26,0.46153846153846156,-0.0028769940001689438,0.42103471055880315,2022-08-23T13:00:00+00:00,2023-05-31T12:00:00+00:00
ob_fvg_confluence_continuation_v1,ibkr,SPY,trend_expansion->normal_volatility->down_or_flat_momentum->ob_fvg_confluence_continuation,3,26,0.34615384615384615,-0.0021700250928800204,0.3882544392826266,2023-06-20T17:00:00+00:00,2024-11-01T20:00:00+00:00
ob_fvg_confluence_continuation_v1,ibkr,SPY,trend_expansion->normal_volatility->down_or_flat_momentum->ob_fvg_confluence_continuation,4,24,0.4166666666666667,-0.0019483065128249426,0.5398477345431281,2024-12-31T13:00:00+00:00,2026-05-05T09:00:00+00:00
ob_fvg_confluence_continuation_v1,ibkr,SPY,trend_expansion->normal_volatility->up_momentum->ob_fvg_confluence_continuation,1,45,0.5111111111111111,-0.0005518509145774606,0.7985713920396688,2021-05-25T16:00:00+00:00,2022-04-05T14:00:00+00:00
ob_fvg_confluence_continuation_v1,ibkr,SPY,trend_expansion->normal_volatility->up_momentum->ob_fvg_confluence_continuation,2,45,0.6222222222222222,0.000628416421851211,1.2161619812036515,2022-05-03T18:00:00+00:00,2023-10-31T12:00:00+00:00
ob_fvg_confluence_continuation_v1,ibkr,SPY,trend_expansion->normal_volatility->up_momentum->ob_fvg_confluence_continuation,3,45,0.5111111111111111,-0.0009829798875195458,0.6341352719494566,2023-11-20T21:00:00+00:00,2025-01-06T13:00:00+00:00
ob_fvg_confluence_continuation_v1,ibkr,SPY,trend_expansion->normal_volatility->up_momentum->ob_fvg_confluence_continuation,4,42,0.40476190476190477,-0.0016994636148231252,0.45668262587785996,2025-01-23T16:00:00+00:00,2026-05-01T22:00:00+00:00
ob_fvg_confluence_continuation_v1,yahoo,ES,range_or_de_risk->high_volatility->down_or_flat_momentum->ob_fvg_confluence_continuation,1,6,0.16666666666666666,-0.002365636202316867,0.20290433408491634,2024-05-22 20:00:00+00:00,2024-10-01 18:00:00+00:00
ob_fvg_confluence_continuation_v1,yahoo,ES,range_or_de_risk->high_volatility->down_or_flat_momentum->ob_fvg_confluence_continuation,2,6,0.3333333333333333,-0.0007505126217943149,0.6123294442051743,2024-12-06 18:00:00+00:00,2025-05-01 23:00:00+00:00
ob_fvg_confluence_continuation_v1,yahoo,ES,range_or_de_risk->high_volatility->down_or_flat_momentum->ob_fvg_confluence_continuation,3,6,0.3333333333333333,-0.001563182224930233,0.2057280654052554,2025-08-20 19:00:00+00:00,2025-12-16 15:00:00+00:00
ob_fvg_confluence_continuation_v1,yahoo,ES,range_or_de_risk->high_volatility->down_or_flat_momentum->ob_fvg_confluence_continuation,4,3,0.0,-0.00694012357407819,0.0,2025-12-31 18:00:00+00:00,2026-04-30 07:00:00+00:00
ob_fvg_confluence_continuation_v1,yahoo,ES,range_or_de_risk->high_volatility->up_momentum->ob_fvg_confluence_continuation,1,7,0.7142857142857143,-1.3174520380482603e-05,0.9946772968609229,2024-06-11 18:00:00+00:00,2025-05-06 22:00:00+00:00
ob_fvg_confluence_continuation_v1,yahoo,ES,range_or_de_risk->high_volatility->up_momentum->ob_fvg_confluence_continuation,2,7,0.2857142857142857,0.0003024034455816408,1.1721863197002644,2025-05-09 03:00:00+00:00,2025-10-14 03:00:00+00:00
ob_fvg_confluence_continuation_v1,yahoo,ES,range_or_de_risk->high_volatility->up_momentum->ob_fvg_confluence_continuation,3,7,0.2857142857142857,-0.0005493972618420084,0.7253324702595819,2025-10-30 02:00:00+00:00,2025-12-16 10:00:00+00:00
ob_fvg_confluence_continuation_v1,yahoo,ES,range_or_de_risk->high_volatility->up_momentum->ob_fvg_confluence_continuation,4,7,0.42857142857142855,-0.0057194917277892075,0.2936820856548379,2026-02-16 01:00:00+00:00,2026-04-30 11:00:00+00:00
ob_fvg_confluence_continuation_v1,yahoo,ES,range_or_de_risk->normal_volatility->down_or_flat_momentum->ob_fvg_confluence_continuation,1,14,0.21428571428571427,-0.0036523916187146525,0.06068810973743813,2024-05-21 14:00:00+00:00,2024-12-05 20:00:00+00:00
ob_fvg_confluence_continuation_v1,yahoo,ES,range_or_de_risk->normal_volatility->down_or_flat_momentum->ob_fvg_confluence_continuation,2,14,0.35714285714285715,-0.0027543756501726144,0.3521192697739238,2024-12-10 17:00:00+00:00,2025-07-29 12:00:00+00:00
ob_fvg_confluence_continuation_v1,yahoo,ES,range_or_de_risk->normal_volatility->down_or_flat_momentum->ob_fvg_confluence_continuation,3,14,0.5714285714285714,0.0030974211811442384,2.5667468176362176,2025-08-08 14:00:00+00:00,2025-12-08 17:00:00+00:00
ob_fvg_confluence_continuation_v1,yahoo,ES,range_or_de_risk->normal_volatility->down_or_flat_momentum->ob_fvg_confluence_continuation,4,14,0.2857142857142857,-0.0024080428624269953,0.4017719656481226,2025-12-09 15:00:00+00:00,2026-05-05 09:00:00+00:00
ob_fvg_confluence_continuation_v1,yahoo,ES,range_or_de_risk->normal_volatility->up_momentum->ob_fvg_confluence_continuation,1,22,0.5454545454545454,0.0005527545913710746,1.3060311491919159,2024-05-20 17:00:00+00:00,2024-11-26 13:00:00+00:00
ob_fvg_confluence_continuation_v1,yahoo,ES,range_or_de_risk->normal_volatility->up_momentum->ob_fvg_confluence_continuation,2,22,0.36363636363636365,-0.0026156688842279715,0.3830282693155306,2024-11-27 13:00:00+00:00,2025-05-05 06:00:00+00:00
ob_fvg_confluence_continuation_v1,yahoo,ES,range_or_de_risk->normal_volatility->up_momentum->ob_fvg_confluence_continuation,3,22,0.36363636363636365,-0.0014415181703804952,0.4028484227640206,2025-05-27 04:00:00+00:00,2025-10-03 01:00:00+00:00
ob_fvg_confluence_continuation_v1,yahoo,ES,range_or_de_risk->normal_volatility->up_momentum->ob_fvg_confluence_continuation,4,21,0.3333333333333333,-0.00025693044400389186,0.8999584715375151,2025-10-03 17:00:00+00:00,2026-05-08 13:00:00+00:00
ob_fvg_confluence_continuation_v1,yahoo,ES,trend_expansion->high_volatility->down_or_flat_momentum->ob_fvg_confluence_continuation,1,7,0.42857142857142855,0.0006564585942211501,1.459431809610098,2024-07-15 19:00:00+00:00,2024-10-22 00:00:00+00:00
ob_fvg_confluence_continuation_v1,yahoo,ES,trend_expansion->high_volatility->down_or_flat_momentum->ob_fvg_confluence_continuation,2,7,0.5714285714285714,0.000441242294519432,1.1705742602588098,2024-10-23 19:00:00+00:00,2025-03-04 20:00:00+00:00
ob_fvg_confluence_continuation_v1,yahoo,ES,trend_expansion->high_volatility->down_or_flat_momentum->ob_fvg_confluence_continuation,3,7,0.5714285714285714,0.005450027424099716,2.528867536500289,2025-03-07 01:00:00+00:00,2025-07-31 17:00:00+00:00
ob_fvg_confluence_continuation_v1,yahoo,ES,trend_expansion->high_volatility->down_or_flat_momentum->ob_fvg_confluence_continuation,4,7,0.5714285714285714,0.0022672025831054436,2.723125271238595,2025-10-12 22:00:00+00:00,2026-03-04 03:00:00+00:00
ob_fvg_confluence_continuation_v1,yahoo,ES,trend_expansion->high_volatility->up_momentum->ob_fvg_confluence_continuation,1,4,0.5,-0.0014492888594495096,0.30622511222549825,2024-06-03 08:00:00+00:00,2024-10-17 16:00:00+00:00
ob_fvg_confluence_continuation_v1,yahoo,ES,trend_expansion->high_volatility->up_momentum->ob_fvg_confluence_continuation,2,4,0.5,-0.0013387770523100911,0.2528214694663707,2024-11-01 20:00:00+00:00,2025-02-04 01:00:00+00:00
ob_fvg_confluence_continuation_v1,yahoo,ES,trend_expansion->high_volatility->up_momentum->ob_fvg_confluence_continuation,3,4,0.0,-0.002415182965400086,0.0,2025-02-28 20:00:00+00:00,2025-07-23 23:00:00+00:00
ob_fvg_confluence_continuation_v1,yahoo,ES,trend_expansion->high_volatility->up_momentum->ob_fvg_confluence_continuation,4,3,0.3333333333333333,-0.004552268572636626,0.20864270023124826,2025-12-11 15:00:00+00:00,2026-04-30 14:00:00+00:00
ob_fvg_confluence_continuation_v1,yahoo,ES,trend_expansion->normal_volatility->down_or_flat_momentum->ob_fvg_confluence_continuation,1,14,0.5,-0.0019514220705738933,0.49643799045698256,2024-05-29 07:00:00+00:00,2024-08-23 07:00:00+00:00
ob_fvg_confluence_continuation_v1,yahoo,ES,trend_expansion->normal_volatility->down_or_flat_momentum->ob_fvg_confluence_continuation,2,14,0.35714285714285715,-0.0005531913409394212,0.833722105964398,2024-08-23 14:00:00+00:00,2025-04-16 14:00:00+00:00
ob_fvg_confluence_continuation_v1,yahoo,ES,trend_expansion->normal_volatility->down_or_flat_momentum->ob_fvg_confluence_continuation,3,14,0.2857142857142857,-0.004200419667959374,0.2935605681296358,2025-04-17 12:00:00+00:00,2025-09-30 12:00:00+00:00
ob_fvg_confluence_continuation_v1,yahoo,ES,trend_expansion->normal_volatility->down_or_flat_momentum->ob_fvg_confluence_continuation,4,11,0.6363636363636364,0.0035669307600284857,4.857760496536422,2025-10-31 15:00:00+00:00,2026-04-13 00:00:00+00:00
ob_fvg_confluence_continuation_v1,yahoo,ES,trend_expansion->normal_volatility->up_momentum->ob_fvg_confluence_continuation,1,26,0.38461538461538464,-0.0014993147025902489,0.49669291521180137,2024-05-28 11:00:00+00:00,2024-12-23 14:00:00+00:00
ob_fvg_confluence_continuation_v1,yahoo,ES,trend_expansion->normal_volatility->up_momentum->ob_fvg_confluence_continuation,2,26,0.38461538461538464,-0.004011962655960316,0.2685060320802592,2024-12-26 11:00:00+00:00,2025-06-16 22:00:00+00:00
ob_fvg_confluence_continuation_v1,yahoo,ES,trend_expansion->normal_volatility->up_momentum->ob_fvg_confluence_continuation,3,26,0.46153846153846156,-0.0012121576578535012,0.670425253953069,2025-06-23 02:00:00+00:00,2025-11-25 14:00:00+00:00
ob_fvg_confluence_continuation_v1,yahoo,ES,trend_expansion->normal_volatility->up_momentum->ob_fvg_confluence_continuation,4,23,0.5217391304347826,-0.0004667331724393751,0.7779497737755393,2025-12-05 14:00:00+00:00,2026-05-10 22:00:00+00:00
order_block_retest_continuation_v1,binance,BTCUSDT,insufficient_context->unknown_volatility->unknown_momentum->order_block_retest_continuation,1,2,1.0,0.025029295673595853,inf,2017-08-18 18:00:00+00:00,2017-08-19 14:00:00+00:00
order_block_retest_continuation_v1,binance,BTCUSDT,insufficient_context->unknown_volatility->unknown_momentum->order_block_retest_continuation,2,2,0.5,0.0014974163083820713,1.2611782101587656,2017-08-20 08:00:00+00:00,2017-08-20 23:00:00+00:00
order_block_retest_continuation_v1,binance,BTCUSDT,insufficient_context->unknown_volatility->unknown_momentum->order_block_retest_continuation,3,1,1.0,0.010496783346787053,inf,2017-08-21 10:00:00+00:00,2017-08-21 10:00:00+00:00
order_block_retest_continuation_v1,binance,BTCUSDT,range_or_de_risk->high_volatility->down_or_flat_momentum->order_block_retest_continuation,1,28,0.5,0.0018686655615484265,1.17442223472621,2017-08-22 06:00:00+00:00,2019-11-06 00:00:00+00:00
order_block_retest_continuation_v1,binance,BTCUSDT,range_or_de_risk->high_volatility->down_or_flat_momentum->order_block_retest_continuation,2,28,0.4642857142857143,0.001489834234013007,1.1678703977831535,2019-12-04 21:00:00+00:00,2022-05-11 08:00:00+00:00
order_block_retest_continuation_v1,binance,BTCUSDT,range_or_de_risk->high_volatility->down_or_flat_momentum->order_block_retest_continuation,3,28,0.2857142857142857,-0.003273161675212319,0.488486589263301,2022-07-06 04:00:00+00:00,2024-09-17 02:00:00+00:00
order_block_retest_continuation_v1,binance,BTCUSDT,range_or_de_risk->high_volatility->down_or_flat_momentum->order_block_retest_continuation,4,28,0.35714285714285715,-0.00593521242096,0.4372940659496566,2024-10-02 17:00:00+00:00,2026-05-11 03:00:00+00:00
order_block_retest_continuation_v1,binance,BTCUSDT,range_or_de_risk->high_volatility->up_momentum->order_block_retest_continuation,1,29,0.3793103448275862,-0.0035282983462139312,0.6470214574081266,2017-09-03 16:00:00+00:00,2021-03-31 15:00:00+00:00
order_block_retest_continuation_v1,binance,BTCUSDT,range_or_de_risk->high_volatility->up_momentum->order_block_retest_continuation,2,29,0.6206896551724138,0.005006593628550447,2.248140043647711,2021-03-31 21:00:00+00:00,2023-09-29 14:00:00+00:00
order_block_retest_continuation_v1,binance,BTCUSDT,range_or_de_risk->high_volatility->up_momentum->order_block_retest_continuation,3,29,0.4482758620689655,0.0012093003065876324,1.1601054667971502,2023-10-17 19:00:00+00:00,2025-02-12 16:00:00+00:00
order_block_retest_continuation_v1,binance,BTCUSDT,range_or_de_risk->high_volatility->up_momentum->order_block_retest_continuation,4,26,0.6153846153846154,0.0017180854629444244,1.45329883726554,2025-02-27 22:00:00+00:00,2026-05-11 02:00:00+00:00
order_block_retest_continuation_v1,binance,BTCUSDT,range_or_de_risk->normal_volatility->down_or_flat_momentum->order_block_retest_continuation,1,128,0.53125,0.0011498614365457976,1.1357560339815815,2017-09-23 05:00:00+00:00,2019-12-22 02:00:00+00:00
order_block_retest_continuation_v1,binance,BTCUSDT,range_or_de_risk->normal_volatility->down_or_flat_momentum->order_block_retest_continuation,2,128,0.515625,0.0022028453371052445,1.3142174992558304,2019-12-26 12:00:00+00:00,2021-11-05 11:00:00+00:00
order_block_retest_continuation_v1,binance,BTCUSDT,range_or_de_risk->normal_volatility->down_or_flat_momentum->order_block_retest_continuation,3,128,0.484375,-0.0013735206733222851,0.7863236772261182,2021-11-05 11:00:00+00:00,2024-01-15 17:00:00+00:00
order_block_retest_continuation_v1,binance,BTCUSDT,range_or_de_risk->normal_volatility->down_or_flat_momentum->order_block_retest_continuation,4,127,0.4645669291338583,-0.0008819857936508199,0.8600539538303256,2024-01-29 00:00:00+00:00,2026-05-08 14:00:00+00:00
order_block_retest_continuation_v1,binance,BTCUSDT,range_or_de_risk->normal_volatility->up_momentum->order_block_retest_continuation,1,126,0.4444444444444444,-0.0009392788316947412,0.9119216816239292,2017-08-31 07:00:00+00:00,2019-08-20 16:00:00+00:00
order_block_retest_continuation_v1,binance,BTCUSDT,range_or_de_risk->normal_volatility->up_momentum->order_block_retest_continuation,2,126,0.5158730158730159,-0.00032105299410769157,0.9663436623989473,2019-08-20 20:00:00+00:00,2021-05-08 17:00:00+00:00
order_block_retest_continuation_v1,binance,BTCUSDT,range_or_de_risk->normal_volatility->up_momentum->order_block_retest_continuation,3,126,0.4365079365079365,-0.0017888359446960177,0.7315210715690476,2021-05-09 06:00:00+00:00,2023-08-27 17:00:00+00:00
order_block_retest_continuation_v1,binance,BTCUSDT,range_or_de_risk->normal_volatility->up_momentum->order_block_retest_continuation,4,124,0.532258064516129,-0.000670882096952655,0.8969109828939124,2023-08-28 23:00:00+00:00,2026-05-03 09:00:00+00:00
order_block_retest_continuation_v1,binance,BTCUSDT,trend_expansion->high_volatility->down_or_flat_momentum->order_block_retest_continuation,1,50,0.4,-0.010063667873508868,0.5465493401432289,2017-09-02 22:00:00+00:00,2019-07-11 16:00:00+00:00
order_block_retest_continuation_v1,binance,BTCUSDT,trend_expansion->high_volatility->down_or_flat_momentum->order_block_retest_continuation,2,50,0.48,0.0017459280677650105,1.1977779745973751,2019-08-15 00:00:00+00:00,2021-12-28 11:00:00+00:00
order_block_retest_continuation_v1,binance,BTCUSDT,trend_expansion->high_volatility->down_or_flat_momentum->order_block_retest_continuation,3,50,0.5,-0.0011441172396521246,0.8936633527454818,2022-01-21 10:00:00+00:00,2024-08-28 14:00:00+00:00
order_block_retest_continuation_v1,binance,BTCUSDT,trend_expansion->high_volatility->down_or_flat_momentum->order_block_retest_continuation,4,47,0.425531914893617,-0.004823550692914664,0.4928247433680937,2024-08-28 20:00:00+00:00,2026-04-30 03:00:00+00:00
order_block_retest_continuation_v1,binance,BTCUSDT,trend_expansion->high_volatility->up_momentum->order_block_retest_continuation,1,46,0.45652173913043476,-0.00032353254336173773,0.9738603175571027,2017-10-21 04:00:00+00:00,2020-04-02 20:00:00+00:00
order_block_retest_continuation_v1,binance,BTCUSDT,trend_expansion->high_volatility->up_momentum->order_block_retest_continuation,2,46,0.5,0.002156706805102631,1.2991263484315505,2020-04-30 06:00:00+00:00,2022-11-10 23:00:00+00:00
order_block_retest_continuation_v1,binance,BTCUSDT,trend_expansion->high_volatility->up_momentum->order_block_retest_continuation,3,46,0.5217391304347826,-0.0008197628406863116,0.8582439310235633,2022-11-30 13:00:00+00:00,2024-09-26 21:00:00+00:00
order_block_retest_continuation_v1,binance,BTCUSDT,trend_expansion->high_volatility->up_momentum->order_block_retest_continuation,4,45,0.37777777777777777,-0.0015595275241791354,0.7858558828063782,2024-10-07 19:00:00+00:00,2026-04-29 13:00:00+00:00
order_block_retest_continuation_v1,binance,BTCUSDT,trend_expansion->normal_volatility->down_or_flat_momentum->order_block_retest_continuation,1,127,0.4566929133858268,-0.004077189930267458,0.6659292879231418,2017-08-28 06:00:00+00:00,2019-08-25 01:00:00+00:00
order_block_retest_continuation_v1,binance,BTCUSDT,trend_expansion->normal_volatility->down_or_flat_momentum->order_block_retest_continuation,2,127,0.4645669291338583,-0.0023999611866342067,0.7581665279063105,2019-08-25 07:00:00+00:00,2022-03-10 22:00:00+00:00
order_block_retest_continuation_v1,binance,BTCUSDT,trend_expansion->normal_volatility->down_or_flat_momentum->order_block_retest_continuation,3,127,0.4330708661417323,-0.002751700948185874,0.6840866167844707,2022-03-11 23:00:00+00:00,2024-03-02 20:00:00+00:00
order_block_retest_continuation_v1,binance,BTCUSDT,trend_expansion->normal_volatility->down_or_flat_momentum->order_block_retest_continuation,4,125,0.408,-0.00244307681708398,0.645415193237538,2024-03-03 00:00:00+00:00,2026-04-29 01:00:00+00:00
order_block_retest_continuation_v1,binance,BTCUSDT,trend_expansion->normal_volatility->up_momentum->order_block_retest_continuation,1,166,0.4578313253012048,-0.004820303458594237,0.6385640701686682,2017-08-29 08:00:00+00:00,2019-06-01 08:00:00+00:00
order_block_retest_continuation_v1,binance,BTCUSDT,trend_expansion->normal_volatility->up_momentum->order_block_retest_continuation,2,166,0.536144578313253,0.004713607485210626,1.757226182407603,2019-06-02 13:00:00+00:00,2021-07-25 13:00:00+00:00
order_block_retest_continuation_v1,binance,BTCUSDT,trend_expansion->normal_volatility->up_momentum->order_block_retest_continuation,3,166,0.4578313253012048,0.0016371081311165024,1.2345981470114198,2021-08-09 19:00:00+00:00,2024-05-21 15:00:00+00:00
order_block_retest_continuation_v1,binance,BTCUSDT,trend_expansion->normal_volatility->up_momentum->order_block_retest_continuation,4,165,0.4909090909090909,-0.0003290684428304938,0.9474912238781525,2024-05-26 05:00:00+00:00,2026-05-02 06:00:00+00:00
order_block_retest_continuation_v1,ibkr,SPY,insufficient_context->unknown_volatility->unknown_momentum->order_block_retest_continuation,1,1,0.0,-0.0017545399879735461,0.0,2021-05-17T20:00:00+00:00,2021-05-17T20:00:00+00:00
order_block_retest_continuation_v1,ibkr,SPY,insufficient_context->unknown_volatility->unknown_momentum->order_block_retest_continuation,2,1,0.0,-0.0064526988811016255,0.0,2021-05-19T12:00:00+00:00,2021-05-19T12:00:00+00:00
order_block_retest_continuation_v1,ibkr,SPY,insufficient_context->unknown_volatility->unknown_momentum->order_block_retest_continuation,3,1,1.0,0.013971058357577771,inf,2021-05-20T08:00:00+00:00,2021-05-20T08:00:00+00:00
order_block_retest_continuation_v1,ibkr,SPY,insufficient_context->unknown_volatility->unknown_momentum->order_block_retest_continuation,4,1,0.0,-0.01156683202023141,0.0,2021-05-20T12:00:00+00:00,2021-05-20T12:00:00+00:00
order_block_retest_continuation_v1,ibkr,SPY,range_or_de_risk->high_volatility->down_or_flat_momentum->order_block_retest_continuation,1,9,0.3333333333333333,0.0011211290537153412,1.6285681770569518,2021-07-07T08:00:00+00:00,2021-12-02T15:00:00+00:00
order_block_retest_continuation_v1,ibkr,SPY,range_or_de_risk->high_volatility->down_or_flat_momentum->order_block_retest_continuation,2,9,0.4444444444444444,0.0034499234732311753,1.7884722437522698,2022-01-07T16:00:00+00:00,2023-03-24T12:00:00+00:00
order_block_retest_continuation_v1,ibkr,SPY,range_or_de_risk->high_volatility->down_or_flat_momentum->order_block_retest_continuation,3,9,0.4444444444444444,0.009829060066101953,4.158722791013592,2023-09-25T20:00:00+00:00,2025-04-09T10:00:00+00:00
order_block_retest_continuation_v1,ibkr,SPY,range_or_de_risk->high_volatility->down_or_flat_momentum->order_block_retest_continuation,4,7,0.5714285714285714,0.0033817292383480214,3.5136071992792597,2025-05-29T14:00:00+00:00,2026-04-29T21:00:00+00:00
order_block_retest_continuation_v1,ibkr,SPY,range_or_de_risk->high_volatility->up_momentum->order_block_retest_continuation,1,7,0.5714285714285714,0.0021376803683919323,1.561768544853866,2021-06-10T14:00:00+00:00,2023-02-03T14:00:00+00:00
order_block_retest_continuation_v1,ibkr,SPY,range_or_de_risk->high_volatility->up_momentum->order_block_retest_continuation,2,7,0.7142857142857143,0.001271583487285365,1.6584459393951678,2023-03-14T11:00:00+00:00,2024-05-22T20:00:00+00:00
order_block_retest_continuation_v1,ibkr,SPY,range_or_de_risk->high_volatility->up_momentum->order_block_retest_continuation,3,7,0.5714285714285714,0.003230015265666509,3.109385761437495,2024-07-11T18:00:00+00:00,2025-09-18T12:00:00+00:00
order_block_retest_continuation_v1,ibkr,SPY,range_or_de_risk->high_volatility->up_momentum->order_block_retest_continuation,4,6,0.5,-0.002080616381964931,0.6237494126852999,2025-10-01T12:00:00+00:00,2026-04-30T14:00:00+00:00
order_block_retest_continuation_v1,ibkr,SPY,range_or_de_risk->normal_volatility->down_or_flat_momentum->order_block_retest_continuation,1,21,0.47619047619047616,-0.0002772682006265653,0.9344030617216217,2021-06-01T14:00:00+00:00,2022-09-15T17:00:00+00:00
order_block_retest_continuation_v1,ibkr,SPY,range_or_de_risk->normal_volatility->down_or_flat_momentum->order_block_retest_continuation,2,21,0.42857142857142855,-0.0019299935656742933,0.6146680720792966,2022-09-29T13:00:00+00:00,2023-10-30T14:00:00+00:00
order_block_retest_continuation_v1,ibkr,SPY,range_or_de_risk->normal_volatility->down_or_flat_momentum->order_block_retest_continuation,3,21,0.23809523809523808,-0.0032295406512400236,0.19411805390361783,2023-11-08T23:00:00+00:00,2024-10-15T18:00:00+00:00
order_block_retest_continuation_v1,ibkr,SPY,range_or_de_risk->normal_volatility->down_or_flat_momentum->order_block_retest_continuation,4,20,0.4,0.0028995944278638226,3.211066720358918,2024-11-13T13:00:00+00:00,2026-02-11T14:00:00+00:00
order_block_retest_continuation_v1,ibkr,SPY,range_or_de_risk->normal_volatility->up_momentum->order_block_retest_continuation,1,25,0.56,0.0009629322076749609,1.2865976203788776,2021-06-08T12:00:00+00:00,2023-02-15T21:00:00+00:00
order_block_retest_continuation_v1,ibkr,SPY,range_or_de_risk->normal_volatility->up_momentum->order_block_retest_continuation,2,25,0.6,0.0005466510108831908,1.2978460660450521,2023-02-23T19:00:00+00:00,2024-05-20T17:00:00+00:00
order_block_retest_continuation_v1,ibkr,SPY,range_or_de_risk->normal_volatility->up_momentum->order_block_retest_continuation,3,25,0.4,-0.0019932894075776445,0.3621399340518927,2024-05-20T17:00:00+00:00,2025-02-20T09:00:00+00:00
order_block_retest_continuation_v1,ibkr,SPY,range_or_de_risk->normal_volatility->up_momentum->order_block_retest_continuation,4,25,0.48,-3.282297115588515e-05,0.9863351145237755,2025-03-12T15:00:00+00:00,2026-05-04T14:00:00+00:00
order_block_retest_continuation_v1,ibkr,SPY,trend_expansion->high_volatility->down_or_flat_momentum->order_block_retest_continuation,1,17,0.47058823529411764,-0.0003076309756547179,0.9439066982604879,2021-07-08T12:00:00+00:00,2022-04-12T17:00:00+00:00
order_block_retest_continuation_v1,ibkr,SPY,trend_expansion->high_volatility->down_or_flat_momentum->order_block_retest_continuation,2,17,0.47058823529411764,-0.0011500715402502381,0.7432748406268856,2022-04-22T19:00:00+00:00,2023-09-21T20:00:00+00:00
order_block_retest_continuation_v1,ibkr,SPY,trend_expansion->high_volatility->down_or_flat_momentum->order_block_retest_continuation,3,17,0.4117647058823529,0.0031029497263763686,1.7527966530435,2023-10-02T20:00:00+00:00,2025-08-01T12:00:00+00:00
order_block_retest_continuation_v1,ibkr,SPY,trend_expansion->high_volatility->down_or_flat_momentum->order_block_retest_continuation,4,14,0.42857142857142855,-0.002534519749122906,0.5430117791319472,2025-08-04T08:00:00+00:00,2026-03-20T20:00:00+00:00
order_block_retest_continuation_v1,ibkr,SPY,trend_expansion->high_volatility->up_momentum->order_block_retest_continuation,1,9,0.6666666666666666,0.0019233934310322258,2.201984767702055,2021-10-26T20:00:00+00:00,2023-04-14T20:00:00+00:00
order_block_retest_continuation_v1,ibkr,SPY,trend_expansion->high_volatility->up_momentum->order_block_retest_continuation,2,9,0.6666666666666666,0.002672013169280028,5.04628604514983,2023-04-28T20:00:00+00:00,2024-03-12T16:00:00+00:00
order_block_retest_continuation_v1,ibkr,SPY,trend_expansion->high_volatility->up_momentum->order_block_retest_continuation,3,9,0.1111111111111111,-0.009315584462536927,0.06900892902352473,2024-04-04T12:00:00+00:00,2025-04-08T14:00:00+00:00
order_block_retest_continuation_v1,ibkr,SPY,trend_expansion->high_volatility->up_momentum->order_block_retest_continuation,4,6,0.8333333333333334,-0.0013858621910695565,0.4959903125721169,2025-04-10T09:00:00+00:00,2026-04-23T11:00:00+00:00
order_block_retest_continuation_v1,ibkr,SPY,trend_expansion->normal_volatility->down_or_flat_momentum->order_block_retest_continuation,1,26,0.5769230769230769,-0.002524176830132992,0.5733707653619692,2021-07-28T20:00:00+00:00,2022-08-09T14:00:00+00:00
order_block_retest_continuation_v1,ibkr,SPY,trend_expansion->normal_volatility->down_or_flat_momentum->order_block_retest_continuation,2,26,0.5384615384615384,-0.0008641930279903643,0.8065243735506582,2022-08-19T14:00:00+00:00,2023-03-23T20:00:00+00:00
order_block_retest_continuation_v1,ibkr,SPY,trend_expansion->normal_volatility->down_or_flat_momentum->order_block_retest_continuation,3,26,0.46153846153846156,1.4783130870078975e-05,1.0050776742211704,2023-05-03T15:00:00+00:00,2024-07-18T12:00:00+00:00
order_block_retest_continuation_v1,ibkr,SPY,trend_expansion->normal_volatility->down_or_flat_momentum->order_block_retest_continuation,4,23,0.4782608695652174,-0.0012963568752315266,0.6987512206018274,2024-08-27T13:00:00+00:00,2026-05-05T09:00:00+00:00
order_block_retest_continuation_v1,ibkr,SPY,trend_expansion->normal_volatility->up_momentum->order_block_retest_continuation,1,50,0.52,-0.00018091777867392734,0.9224573548934064,2021-05-25T16:00:00+00:00,2022-04-05T14:00:00+00:00
order_block_retest_continuation_v1,ibkr,SPY,trend_expansion->normal_volatility->up_momentum->order_block_retest_continuation,2,50,0.52,-0.00014867480520932495,0.9570223085504083,2022-04-08T15:00:00+00:00,2023-10-09T20:00:00+00:00
order_block_retest_continuation_v1,ibkr,SPY,trend_expansion->normal_volatility->up_momentum->order_block_retest_continuation,3,50,0.52,-0.00045396771922183877,0.7955504032525381,2023-10-17T12:00:00+00:00,2025-01-06T13:00:00+00:00
order_block_retest_continuation_v1,ibkr,SPY,trend_expansion->normal_volatility->up_momentum->order_block_retest_continuation,4,48,0.375,-0.0011971212286727647,0.5652157830759389,2025-01-16T13:00:00+00:00,2026-05-08T08:00:00+00:00
order_block_retest_continuation_v1,yahoo,ES,range_or_de_risk->high_volatility->down_or_flat_momentum->order_block_retest_continuation,1,5,0.4,-0.0018154510335021128,0.18106736695795797,2024-05-22 20:00:00+00:00,2024-07-12 14:00:00+00:00
order_block_retest_continuation_v1,yahoo,ES,range_or_de_risk->high_volatility->down_or_flat_momentum->order_block_retest_continuation,2,5,0.2,-0.00465028363985247,0.029601054276559294,2024-07-25 18:00:00+00:00,2024-12-13 21:00:00+00:00
order_block_retest_continuation_v1,yahoo,ES,range_or_de_risk->high_volatility->down_or_flat_momentum->order_block_retest_continuation,3,5,0.4,-0.0014200617173785617,0.2712505418967163,2025-01-08 19:00:00+00:00,2025-08-20 19:00:00+00:00
order_block_retest_continuation_v1,yahoo,ES,range_or_de_risk->high_volatility->down_or_flat_momentum->order_block_retest_continuation,4,5,0.0,-0.004134645534054382,0.0,2025-08-21 00:00:00+00:00,2026-02-17 15:00:00+00:00
order_block_retest_continuation_v1,yahoo,ES,range_or_de_risk->high_volatility->up_momentum->order_block_retest_continuation,1,6,0.5,0.0007348227015990476,1.2406047455050027,2024-07-31 05:00:00+00:00,2025-07-11 02:00:00+00:00
order_block_retest_continuation_v1,yahoo,ES,range_or_de_risk->high_volatility->up_momentum->order_block_retest_continuation,2,6,0.5,-0.00014384165218616767,0.9450286051097249,2025-07-15 15:00:00+00:00,2025-10-30 02:00:00+00:00
order_block_retest_continuation_v1,yahoo,ES,range_or_de_risk->high_volatility->up_momentum->order_block_retest_continuation,3,6,0.3333333333333333,-0.001469769165790183,0.615802649627456,2025-11-03 00:00:00+00:00,2026-03-02 20:00:00+00:00
order_block_retest_continuation_v1,yahoo,ES,range_or_de_risk->high_volatility->up_momentum->order_block_retest_continuation,4,5,0.4,-0.007069056696305886,0.08356136163088228,2026-03-23 11:00:00+00:00,2026-04-30 11:00:00+00:00
order_block_retest_continuation_v1,yahoo,ES,range_or_de_risk->normal_volatility->down_or_flat_momentum->order_block_retest_continuation,1,18,0.3333333333333333,-0.0034238762443629255,0.20372895318200818,2024-05-21 09:00:00+00:00,2024-10-28 16:00:00+00:00
order_block_retest_continuation_v1,yahoo,ES,range_or_de_risk->normal_volatility->down_or_flat_momentum->order_block_retest_continuation,2,18,0.4444444444444444,-0.0009830178819637998,0.7014315216068884,2024-11-26 03:00:00+00:00,2025-07-09 07:00:00+00:00
order_block_retest_continuation_v1,yahoo,ES,range_or_de_risk->normal_volatility->down_or_flat_momentum->order_block_retest_continuation,3,18,0.6666666666666666,0.0030099572660918146,2.9264717199416337,2025-07-11 11:00:00+00:00,2025-12-02 17:00:00+00:00
order_block_retest_continuation_v1,yahoo,ES,range_or_de_risk->normal_volatility->down_or_flat_momentum->order_block_retest_continuation,4,15,0.4,-0.0010846657261487586,0.6768897843024857,2025-12-09 15:00:00+00:00,2026-05-08 08:00:00+00:00
order_block_retest_continuation_v1,yahoo,ES,range_or_de_risk->normal_volatility->up_momentum->order_block_retest_continuation,1,20,0.3,-0.002400066038845538,0.2826903799117508,2024-05-20 17:00:00+00:00,2024-10-30 11:00:00+00:00
order_block_retest_continuation_v1,yahoo,ES,range_or_de_risk->normal_volatility->up_momentum->order_block_retest_continuation,2,20,0.5,-0.000654225318385015,0.8271106117924837,2024-11-19 10:00:00+00:00,2025-05-05 06:00:00+00:00
order_block_retest_continuation_v1,yahoo,ES,range_or_de_risk->normal_volatility->up_momentum->order_block_retest_continuation,3,20,0.35,-0.0012998958950258925,0.5106453257517848,2025-05-27 04:00:00+00:00,2025-10-01 12:00:00+00:00
order_block_retest_continuation_v1,yahoo,ES,range_or_de_risk->normal_volatility->up_momentum->order_block_retest_continuation,4,19,0.3157894736842105,-0.0007497099577569288,0.706649017427788,2025-10-03 01:00:00+00:00,2026-05-07 15:00:00+00:00
order_block_retest_continuation_v1,yahoo,ES,trend_expansion->high_volatility->down_or_flat_momentum->order_block_retest_continuation,1,5,0.2,-0.0014445225460423478,0.44662480430407653,2024-08-28 19:00:00+00:00,2024-10-31 20:00:00+00:00
order_block_retest_continuation_v1,yahoo,ES,trend_expansion->high_volatility->down_or_flat_momentum->order_block_retest_continuation,2,5,0.6,0.01087043722920198,4.406430402000661,2025-03-04 20:00:00+00:00,2025-04-04 19:00:00+00:00
order_block_retest_continuation_v1,yahoo,ES,trend_expansion->high_volatility->down_or_flat_momentum->order_block_retest_continuation,3,5,0.4,0.0030981599622961885,2.6819083460426105,2025-04-07 15:00:00+00:00,2025-11-21 01:00:00+00:00
order_block_retest_continuation_v1,yahoo,ES,trend_expansion->high_volatility->down_or_flat_momentum->order_block_retest_continuation,4,5,0.8,0.004167479350426962,5.196188412364743,2026-01-02 05:00:00+00:00,2026-04-29 20:00:00+00:00
order_block_retest_continuation_v1,yahoo,ES,trend_expansion->high_volatility->up_momentum->order_block_retest_continuation,1,4,0.5,-0.0005671584138241307,0.6087680379396206,2024-06-03 08:00:00+00:00,2024-11-01 20:00:00+00:00
order_block_retest_continuation_v1,yahoo,ES,trend_expansion->high_volatility->up_momentum->order_block_retest_continuation,2,4,0.5,-0.0005808101857297848,0.7069675359337113,2025-01-28 08:00:00+00:00,2025-02-28 20:00:00+00:00
order_block_retest_continuation_v1,yahoo,ES,trend_expansion->high_volatility->up_momentum->order_block_retest_continuation,3,4,0.25,-0.004268974535535601,0.11584027777048608,2025-05-08 23:00:00+00:00,2025-07-31 09:00:00+00:00
order_block_retest_continuation_v1,yahoo,ES,trend_expansion->high_volatility->up_momentum->order_block_retest_continuation,4,2,0.5,-0.0033792961937147755,0.3475778828084436,2025-12-11 15:00:00+00:00,2026-04-30 14:00:00+00:00
order_block_retest_continuation_v1,yahoo,ES,trend_expansion->normal_volatility->down_or_flat_momentum->order_block_retest_continuation,1,16,0.5,-0.0015745569805232903,0.5972644115220657,2024-05-29 07:00:00+00:00,2024-08-30 18:00:00+00:00
order_block_retest_continuation_v1,yahoo,ES,trend_expansion->normal_volatility->down_or_flat_momentum->order_block_retest_continuation,2,16,0.3125,-0.0014482989942969351,0.6671798467060892,2024-09-05 14:00:00+00:00,2025-04-16 14:00:00+00:00
order_block_retest_continuation_v1,yahoo,ES,trend_expansion->normal_volatility->down_or_flat_momentum->order_block_retest_continuation,3,16,0.3125,-0.0026180330068388113,0.41330236893286526,2025-04-17 12:00:00+00:00,2025-09-30 13:00:00+00:00
order_block_retest_continuation_v1,yahoo,ES,trend_expansion->normal_volatility->down_or_flat_momentum->order_block_retest_continuation,4,14,0.6428571428571429,0.002169394332897612,2.4188550857811904,2025-11-21 09:00:00+00:00,2026-04-09 12:00:00+00:00
order_block_retest_continuation_v1,yahoo,ES,trend_expansion->normal_volatility->up_momentum->order_block_retest_continuation,1,29,0.41379310344827586,-0.00038607104514267067,0.8561830145611357,2024-05-28 11:00:00+00:00,2024-12-04 14:00:00+00:00
order_block_retest_continuation_v1,yahoo,ES,trend_expansion->normal_volatility->up_momentum->order_block_retest_continuation,2,29,0.41379310344827586,-0.003590540054216038,0.32177026296962424,2024-12-16 20:00:00+00:00,2025-05-20 07:00:00+00:00
order_block_retest_continuation_v1,yahoo,ES,trend_expansion->normal_volatility->up_momentum->order_block_retest_continuation,3,29,0.5172413793103449,0.0004160691041856673,1.178953552461828,2025-05-26 15:00:00+00:00,2025-11-25 09:00:00+00:00
order_block_retest_continuation_v1,yahoo,ES,trend_expansion->normal_volatility->up_momentum->order_block_retest_continuation,4,27,0.6296296296296297,0.0005148643799969904,1.2477606262488656,2025-11-25 14:00:00+00:00,2026-05-10 22:00:00+00:00
